"","sex","Form","Group","Team","Athlete","Score"
"1","M","First-type bare-hand routines_Bajiquan ","Group D","CHN","WU Hao",9.21
"2","M","First-type bare-hand routines_Bajiquan ","Group D","HKG","YEUNG Cheuk Yin",9.12
"3","M","First-type bare-hand routines_Bajiquan ","Group D","EGY","Moaz Mahmoud Fathy Sayed",9.06
"4","M","First-type bare-hand routines_Bajiquan ","Group D","FRA","Wilfried MAQUIN",8.93
"5","M","First-type bare-hand routines_Bajiquan ","Group D","HKG","YU Pui Lam",8.92
"6","M","First-type bare-hand routines_Bajiquan ","Group D","TUR","Yusuf Sadi ACAR",8.91
"7","M","First-type bare-hand routines_Bajiquan ","Group D","MEX","Carlos Omar SIERRA VILLAR",8.87
"8","M","First-type bare-hand routines_Bajiquan ","Group D","SGP","KALUARACHCHI Devin Tharunuwan",8.84
"9","M","First-type bare-hand routines_Bajiquan ","Group D","MAC","YUEN Kam Weng",8.8
"10","M","First-type bare-hand routines_Bajiquan ","Group D","MEX","Luis Arturo GONZALEZ MARMOLEJO",8.79
"11","M","First-type bare-hand routines_Bajiquan ","Group D","TJK","Fotekh TABAROV",8.78
"12","M","First-type bare-hand routines_Bajiquan ","Group D","FRA","Anthony PLAIS",8.74
"13","M","First-type bare-hand routines_Bajiquan ","Group D","IND","Amit KUMAR",8.66
"14","M","First-type bare-hand routines_Bajiquan ","Group D","USA","Daniel DOYLE",8.65
"15","M","First-type bare-hand routines_Bajiquan ","Group D","BEL","Jonathan VERHEYEN",8.64
"16","M","First-type bare-hand routines_Bajiquan ","Group D","AUS","Declan Joe UPPINGTON",8.62
"17","M","First-type bare-hand routines_Bajiquan ","Group D","USA","Mohammad ULLAH",8.59
"18","M","First-type bare-hand routines_Bajiquan ","Group D","MEX","Fitzgerald PARAGUAY URETA",8.1
"19","M","First-type bare-hand routines _Other routines ","Group D","CHN","QUMU Yiguo",9.23
"20","M","First-type bare-hand routines _Other routines ","Group D","ITA","Ivo ZEDDA",8.89
"21","M","First-type bare-hand routines _Other routines ","Group D","FRA","Virgile SICARD",8.8
"22","M","First-type bare-hand routines _Other routines ","Group D","GER","Kai JANSEN",8.78
"23","M","First-type bare-hand routines _Other routines ","Group D","IND","Rajat Prakash GUPTA",8.74
"24","M","First-type bare-hand routines _Other routines ","Group D","FRA","Anouchith MICHANHOM",8.61
"25","M","Second-type bare-hand routine_Fanziqua ","Group D","CHN","ZHANG Yongbiao",9.3
"26","M","Second-type bare-hand routine_Fanziqua ","Group D","ESP","Francisco GARCIA MAZUECOS",9.07
"27","M","Second-type bare-hand routine_Fanziqua ","Group D","JPN","ENOKAWA Oga",9.03
"28","M","Second-type bare-hand routine_Fanziqua ","Group D","GEO","David GULISASHVILI",8.95
"29","M","Second-type bare-hand routine_Fanziqua ","Group D","AIN","Dmitrii MININ",8.88
"30","M","Second-type bare-hand routine_Fanziqua ","Group D","AUS","David HONG",8.51
"31","M","Second-type bare-hand routine_Fanziqua ","Group D","AUS","Chun Tak Jaydon TSE",8.35
"32","M","Third-type bare-hand routines_Yingzhaoquan (Eagle Style) ","Group D","USA","Preston LAND",8.92
"33","M","Third-type bare-hand routines_Yingzhaoquan (Eagle Style) ","Group D","FRA","Alistair HAYOUN EGRETEAU",8.91
"34","M","Third-type bare-hand routines_Yingzhaoquan (Eagle Style) ","Group D","UKR","Bohdan NAIDA",8.85
"35","M","Third-type bare-hand routines_Yingzhaoquan (Eagle Style) ","Group D","ESP","Dan RIO RODRIGUEZ",8.83
"36","M","Third-type bare-hand routines_Yingzhaoquan (Eagle Style) ","Group D","MEX","Angel Julian GOMEZ RODRIGUEZ",8.74
"37","M","Third-type bare-hand routines_Yingzhaoquan (Eagle Style) ","Group D","MEX","Jesús Alfredo LIRA ACOSTA",8.73
"38","M","Third-type bare-hand routines_Yingzhaoquan (Eagle Style) ","Group D","BRA","Dennis RODRIGUES MADRUGA",8.55
"39","M","Third-type bare-hand routines_Yingzhaoquan (Eagle Style) ","Group D","BRA","Fabio MOREIRA DE ARAUJO",8.5
"40","M","Third-type bare-hand routines_Tanglangquan (Mantis Style) ","Group D","CHN","LIU Zhiyong",9.2
"41","M","Third-type bare-hand routines_Tanglangquan (Mantis Style) ","Group D","LAT","Aleksandrs GORSKIS",9.07
"42","M","Third-type bare-hand routines_Tanglangquan (Mantis Style) ","Group D","SGP","TEO Chee Wei",8.98
"43","M","Third-type bare-hand routines_Tanglangquan (Mantis Style) ","Group D","TUR","Onur OZTURK",8.94
"44","M","Third-type bare-hand routines_Tanglangquan (Mantis Style) ","Group D","FRA","Murphy MOU SANG",8.77
"45","M","Third-type bare-hand routines_Tanglangquan (Mantis Style) ","Group D","BEL","Mathéo GOLLAS",8.7
"46","M","Third-type bare-hand routines_Tanglangquan (Mantis Style) ","Group D","MEX","Bruno Gabriel DUENAS PINON",8.64
"47","M","Third-type bare-hand routines_Tanglangquan (Mantis Style) ","Group D","USA","Zihan DO",8.3
"48","M","Third-type bare-hand routines_Drunken Fist ","Group D","CHN","WANG Shengrong",9.22
"49","M","Third-type bare-hand routines_Drunken Fist ","Group D","USA","Alex Zhaoyi NI",9.01
"50","M","Third-type bare-hand routines_Drunken Fist ","Group D","CAN","Evan Hong Bo LIU",9
"51","M","Third-type bare-hand routines_Drunken Fist ","Group D","GRE","Konstantinos PAPAEFTHYMIOU",8.95
"52","M","Third-type bare-hand routines_Drunken Fist ","Group D","NZL","Ethan DE GUZMAN",8.87
"53","M","Third-type bare-hand routines_Drunken Fist ","Group D","ITA","Claudio DI BENEDETTO",8.86
"54","M","Third-type bare-hand routines_Drunken Fist ","Group D","FRA","Noe BOURDET",8.75
"55","M","Third-type bare-hand routines_Drunken Fist ","Group D","FRA","Clément VAUDAGNE",8.73
"56","M","Third-type bare-hand routines_Drunken Fist ","Group D","SWE","Ted Fredrik ANDERSSON",8.71
"57","M","Third-type bare-hand routines_Other routines ","Group D","CHN","SUI Tianqi",9.26
"58","M","Third-type bare-hand routines_Other routines ","Group D","AIN","Nikita KOZLOV",9.19
"59","M","Third-type bare-hand routines_Other routines ","Group D","AIN","Maksim CHESKIDOV",9.15
"60","M","Third-type bare-hand routines_Other routines ","Group D","AUS","Blake Charles Richard BROWN",9.07
"61","M","Third-type bare-hand routines_Other routines ","Group D","AIN","Amgalan ZHIGZHITOV",9.06
"62","M","Third-type bare-hand routines_Other routines ","Group D","POR","Rodrigo SANTOS",8.54
"63","M","Fourth-type bare-hand routine_Chaquan ","Group D","AIN","Pavel MURATOV",9.13
"64","M","Fourth-type bare-hand routine_Chaquan ","Group D","AIN","Ilias KHUSNUTDINOV",9.07
"65","M","Fourth-type bare-hand routine_Chaquan ","Group D","AIN","Kirill-zui BONDARENKO",9.06
"66","M","Fourth-type bare-hand routine_Chaquan ","Group D","UKR","Maksym ZHARUN",9.05
"67","M","Fourth-type bare-hand routine_Chaquan ","Group D","AIN","Iaroslav SHELUDIAKOV",8.93
"68","M","Fourth-type bare-hand routine_Chaquan ","Group D","TUR","Ahmet Taha KESKIN",8.92
"69","M","Fourth-type bare-hand routine_Chaquan ","Group D","IND","Bhanu SINGH",8.88
"70","M","Fourth-type bare-hand routine_Chaquan ","Group D","GEO","Giorgi GERMANOZASHVILI",8.69
"71","M","Fourth-type bare-hand routine_Chaquan ","Group D","POR","Salvador GUERREIRO",8.65
"72","M","Fifth-type bare-hand routines_Shaolinquan ","Group D","ITA","Michele GAMBINO",9.14
"73","M","Fifth-type bare-hand routines_Shaolinquan ","Group D","TJK","Mirzodalerkhon KHURSHEDZODA",9.04
"74","M","Fifth-type bare-hand routines_Shaolinquan ","Group D","GRE","Dimitrios Ioannis MATHIOPOULOS",9.03
"75","M","Fifth-type bare-hand routines_Shaolinquan ","Group D","ITA","Giorgio MARCHESI",9.01
"76","M","Fifth-type bare-hand routines_Shaolinquan ","Group D","USA","Jeffrey CHON",9
"77","M","Fifth-type bare-hand routines_Shaolinquan ","Group D","CAN","Jiachen PENG",8.96
"78","M","Fifth-type bare-hand routines_Shaolinquan ","Group D","GBR","Junayed Ilhan GUVEN",8.88
"79","M","Fifth-type bare-hand routines_Shaolinquan ","Group D","FRA","Nicolas GU",8.87
"80","M","Fifth-type bare-hand routines_Shaolinquan ","Group D","HUN","Bence Róbert KIS",8.83
"81","M","Fifth-type bare-hand routines_Shaolinquan ","Group D","HUN","Domonkos GRóF",8.81
"82","M","Fifth-type bare-hand routines_Shaolinquan ","Group D","SUI","Leandro GARCIA",8.73
"83","M","Fifth-type bare-hand routines_Shaolinquan ","Group D","POR","Bruno SOUSA",8.71
"84","M","Fifth-type bare-hand routines_Shaolinquan ","Group D","ITA","Umberto NACHIRO",8.7
"85","M","Fifth-type bare-hand routines_Shaolinquan ","Group D","FRA","Alexandre CORDARO",8.69
"86","M","Fifth-type bare-hand routines_Shaolinquan ","Group D","MEX","Diego Armando CORREA IXTEPAN",8.65
"87","M","Fifth-type bare-hand routines_Shaolinquan ","Group D","AUS","Timothy James HONDROUDAKIS",8.64
"88","M","Fifth-type bare-hand routines_Shaolinquan ","Group D","BRA","Bruno DE AMORIM ARANTES",8.63
"89","M","Fifth-type bare-hand routines_Shaolinquan ","Group D","HUN","Dominik Norbert MEIXNER",8.62
"90","M","Fifth-type bare-hand routines_Shaolinquan ","Group D","SUI","Ivan SIMIC",8.6
"91","M","Fifth-type bare-hand routines_Shaolinquan ","Group D","SGP","SNG Hao Yang Jonas",8.59
"92","M","Fifth-type bare-hand routines_Shaolinquan ","Group D","SUI","Igor SIMIC",8.58
"93","M","Fifth-type bare-hand routines_Shaolinquan ","Group D","USA","Yaseen GHANEM",8.52
"94","M","Fifth-type bare-hand routines_Shaolinquan ","Group D","BEL","Loic HENRIOULLE",8.51
"95","M","Fifth-type bare-hand routines_Shaolinquan ","Group D","FRA","Martin MASSON",8.48
"96","M","Fifth-type bare-hand routines_Shaolinquan ","Group D","TJK","Khushang RAJABOV",8.43
"97","M","Fifth-type bare-hand routines_Shaolinquan ","Group D","USA","Tyrese CARROLL",8.42
"98","M","Fifth-type bare-hand routines_Shaolinquan ","Group D","USA","Parke BOWMAN",8.36
"99","M","Fifth-type bare-hand routines_Shaolinquan ","Group D","EGY","Fares ELSHOURBAGI",8.32
"100","M","Fifth-type bare-hand routines_Shaolinquan ","Group D","EGY","Mohamed SHATA",8.12
"101","M","bare-hand routines_Other routines ","Group D","CHN","WANG Chongkai",9.23
"102","M","bare-hand routines_Other routines ","Group D","CHN","ZHENG Guoqing",9.16
"103","M","bare-hand routines_Other routines ","Group D","HKG","WONG Cho Wai Gabriel",9.1
"104","M","bare-hand routines_Other routines ","Group D","UKR","Artem HASHCHUK",9.06
"105","M","bare-hand routines_Other routines ","Group D","BRA","Lucas MACHADO FRADE GALATI",9.03
"106","M","bare-hand routines_Other routines ","Group D","JPN","KOJIMA Ryuhei",9.02
"107","M","bare-hand routines_Other routines ","Group D","NED","Jesse KONICKX",9.01
"108","M","bare-hand routines_Other routines ","Group D","TUR","Necmettin Erbakan AKYUZ",9.01
"109","M","bare-hand routines_Other routines ","Group D","BRA","Bruno PAIXaO FERRARI",9
"110","M","bare-hand routines_Other routines ","Group D","SVK","Patrik HATALA",8.95
"111","M","bare-hand routines_Other routines ","Group D","NED","Tygo MAAS",8.93
"112","M","bare-hand routines_Other routines ","Group D","AUS","Alexander Ha TERREY",8.88
"113","M","bare-hand routines_Other routines ","Group D","MAS","TUNG Ho Yen",8.83
"114","M","bare-hand routines_Other routines ","Group D","TUR","Osman YALKIN",8.82
"115","M","bare-hand routines_Other routines ","Group D","GEO","Saba EDILASHVILI",8.8
"116","M","bare-hand routines_Other routines ","Group D","USA","Aaron KEYS",8.77
"117","M","bare-hand routines_Other routines ","Group D","NED","Hill Fung IP",8.76
"118","M","bare-hand routines_Other routines ","Group D","EGY","Moustafa EMISH",8.74
"119","M","bare-hand routines_Other routines ","Group D","GRE","Ioannis TASOPOULOS",8.72
"120","M","bare-hand routines_Other routines ","Group D","USA","Andrew TAN",8.7
"121","M","bare-hand routines_Other routines ","Group D","IND","Arkeshwar MEDATWAL",8.69
"122","M","bare-hand routines_Other routines ","Group D","HUN","Bálint PINTéR",8.67
"123","M","Nanquan-type routines_Huquan ","Group D","CHN","CAO Huize",9.28
"124","M","Nanquan-type routines_Huquan ","Group D","HKG","CHOW Chun Yu",9.12
"125","M","Nanquan-type routines_Huquan ","Group D","AIN","Gleb BURDOV",9.03
"126","M","Nanquan-type routines_Huquan ","Group D","UKR","Mykyta KOVALOV",8.86
"127","M","Nanquan-type routines_Huquan ","Group D","TUR","Kaan KUCUKAKYUZ",8.83
"128","M","Nanquan-type routines_Huquan ","Group D","USA","Lyman CHEN",8.79
"129","M","Nanquan-type routines_Huquan ","Group D","ESP","Francisco COLLADO SAIZ",8.78
"130","M","bare-hand routines-Other routines ","Group F","CHN","XU Yuhuan",9.08
"131","M","bare-hand routines-Other routines ","Group F","POR","Alcino CUNHA",8.74
"132","M","bare-hand routines-Other routines ","Group F","RSA","Allan Jonathan HACKNER",8.72
"133","M","bare-hand routines-Other routines ","Group F","USA","Ebert KAN",8.71
"134","M","bare-hand routines-Other routines ","Group F","JPN","OTAKA Kazuhiko",8.68
"135","M","bare-hand routines-Other routines ","Group F","SGP","KWAN Siew Hung",8.67
"136","M","bare-hand routines-Other routines ","Group F","HUN","Mihály József KOSZOGOVITS",8.55
"137","M","bare-hand routines-Other routines ","Group F","BRA","Roberto DOS SANTOS DE OLIVEIRA",8.53
"138","M","bare-hand routines-Other routines ","Group F","JPN","FUKUNISHI Tadashi",8.49
"139","M","bare-hand routines-Other routines ","Group F","USA","Jeffrey REXFORD",8.44
"140","M","bare-hand routines-Other routines ","Group F","TUN","Hamli OTHMAN",8.41
"141","M","bare-hand routines-Other routines ","Group F","KGZ","Evgenii LOPATKIN",8.36
"142","M","bare-hand routines-Other routines ","Group F","USA","John JOSEPHSON",8.16
"143","M","First-type bare-hand routines ","Group E","BRA","Sergio Minoru TANOSHI",8.86
"144","M","First-type bare-hand routines ","Group E","JPN","TAKEUCHI Takashi",8.75
"145","M","First-type bare-hand routines ","Group E","AUS","Mitchell BROWN",8.73
"146","M","First-type bare-hand routines ","Group E","HUN","Géza Zoltán SIMON",8.63
"147","M","Third-type bare-hand routines_Tanglangquan (Mantis Style) ","Group E","GBR","Jonathan Wai Kit LAM",8.98
"148","M","Third-type bare-hand routines_Tanglangquan (Mantis Style) ","Group E","FRA","Yun - Yaw CHU",8.78
"149","M","Third-type bare-hand routines_Tanglangquan (Mantis Style) ","Group E","POR","Daniel DAVID",8.76
"150","M","Third-type bare-hand routines_Tanglangquan (Mantis Style) ","Group E","AUS","Sherman Shu Hang MAK",8.73
"151","M","Third-type bare-hand routines_Tanglangquan (Mantis Style) ","Group E","POR","António INáCIO",8.66
"152","M","Third-type bare-hand routines_Tanglangquan (Mantis Style) ","Group E","POR","Alexander PONZO",8.6
"153","M","Fifth-type bare-hand routines_Shaolinquan ","Group E","USA","Mario SALAZAR",9.06
"154","M","Fifth-type bare-hand routines_Shaolinquan ","Group E","USA","Mario ALVAREZ BERNAL",8.98
"155","M","Fifth-type bare-hand routines_Shaolinquan ","Group E","USA","Matthew WHITAKER HOPWOOD",8.64
"156","M","Fifth-type bare-hand routines_Shaolinquan ","Group E","ARG","Jacobo Enrique AVILES PALACIOS",8.61
"157","M","Fifth-type bare-hand routines_Shaolinquan ","Group E","MEX","Daniel Benjamin CORONA AGUILAR",8.58
"158","M","Fifth-type bare-hand routines_Shaolinquan ","Group E","ROU","Florin IOANA",8.52
"159","M","Fifth-type bare-hand routines_Shaolinquan ","Group E","TJK","Khurshedjon MULLOBOEV",8.36
"160","M","bare-hand routines_Other routines ","Group E","ESP","Jose Luis MORALES GARCIA",9.11
"161","M","bare-hand routines_Other routines ","Group E","ESP","Vicente Miguel RAJA CATALA",9.1
"162","M","bare-hand routines_Other routines ","Group E","USA","Gerard SILVA",8.88
"163","M","bare-hand routines_Other routines ","Group E","FRA","Ludovic REY",8.85
"164","M","bare-hand routines_Other routines ","Group E","FRA","Alexandre PATUREL",8.83
"165","M","bare-hand routines_Other routines ","Group E","USA","Jason BUCKWALTER",8.76
"166","M","bare-hand routines_Other routines ","Group E","AUS","John Arthur CALLAGHAN",8.75
"167","M","bare-hand routines_Other routines ","Group E","POL","Roman Andrzej LICHACZ",8.73
"168","M","bare-hand routines_Other routines ","Group E","JPN","IWAMOTO Junya",8.71
"169","M","bare-hand routines_Other routines ","Group E","AUS","Brian HONG",8.52
"170","M","bare-hand routines_Other routines ","Group E","FRA","Marc - Aurèle DARCHE",8.45
"171","M","bare-hand routines_Other routines ","Group E","ARG","Rosalino GAUTO OLIVERA",8.44
"172","M","Nanquan-type routines_Cailifoquan (Choy Lay Fut) ","Group E","BRA","Marco APARECIDO MARTIM JUNIOR",8.98
"173","M","Nanquan-type routines_Cailifoquan (Choy Lay Fut) ","Group E","POL","Sebastian Krzysztof OLESZCZUK",8.79
"174","M","Nanquan-type routines_Cailifoquan (Choy Lay Fut) ","Group E","FRA","Benoist DELEXTRAT",8.68
"175","M","Nanquan-type routines_Cailifoquan (Choy Lay Fut) ","Group E","POR","Sérgio ALMEIDA",8.58
"176","M","Nanquan-type routines_Cailifoquan (Choy Lay Fut) ","Group E","POL","Marek Antoni USZKUR",8.49
"177","M","Nanquan-type routines_Cailifoquan (Choy Lay Fut) ","Group E","ARG","Carlos Alberto PUEBLA",8.48
"178","M","Nanquan-type routines_Hongjiaquan (Hung Gar)","Group E","BRA","Richard LEUTZ",8.91
"179","M","Nanquan-type routines_Hongjiaquan (Hung Gar)","Group E","FRA","Kévin HENG",8.81
"180","M","Nanquan-type routines_Hongjiaquan (Hung Gar)","Group E","BEL","Moubarak DAOUDI",8.76
"181","M","Nanquan-type routines_Hongjiaquan (Hung Gar)","Group E","BRA","Marcos DIMANFA BONGIANNI",8.73
"182","M","Nanquan-type routines_Hongjiaquan (Hung Gar)","Group E","POL","Konrad MAsNICKI",8.68
"183","M","Nanquan-type routines_Hongjiaquan (Hung Gar)","Group E","POL","Lukasz Arkadiusz DERZKO",8.64
"184","M","Nanquan-type routines_Hongjiaquan (Hung Gar)","Group E","POL","Grzegorz RYCHLEWSKI",8.55
"185","M","Nanquan-type routines_Other routines ","Group E","BRA","Jose Augusto DA SILVA JUNIOR",8.85
"186","M","Nanquan-type routines_Other routines ","Group E","BEL","Johan CONTI",8.66
"187","M","Nanquan-type routines_Other routines ","Group E","BRA","Italo Jorge OLIVEIRA SANTOS",8.63
"188","M","Nanquan-type routines_Other routines ","Group E","USA","Sebastian RAMOS CONTRERAS",8.61
"189","M","Nanquan-type routines_Other routines ","Group E","AUS","Michael Zhen YU",8.6
"190","M","Nanquan-type routines_Other routines ","Group E","MAS","TAN Ching Fung",8.55
"191","M","Nanquan-type routines_Other routines ","Group E","MAS","SIM Sze Kiat",8.54
"192","M","Nanquan-type routines_Other routines ","Group E","POL","Wlodzimierz Ziec",8.53
"193","M","Nanquan-type routines_Other routines ","Group E","USA","Christopher HOFFMAN",8.3
"194","M","First-type bare-hand routines ","Group C","USA","Marshall BRAYTON",8.71
"195","M","First-type bare-hand routines ","Group C","EGY","Ramy Ramadan Mohamed",8.67
"196","M","First-type bare-hand routines ","Group C","HKG","WONG Chun Yin Nicholas",8.66
"197","M","First-type bare-hand routines ","Group C","AIN","Timur KHODZHAKOV",8.63
"198","M","First-type bare-hand routines ","Group C","UKR","Volodymyr SHYNKARENKO",8.59
"199","M","First-type bare-hand routines ","Group C","LAT","Edgars ZARINS",8.55
"200","M","First-type bare-hand routines ","Group C","TUN","Kadri MOHAMED YASSIN",8.53
"201","M","Third-type bare-hand routines ","Group C","AIN","Boris GORODNIKOV",8.63
"202","M","Third-type bare-hand routines ","Group C","INA","Calvin Ethanael WIJAYA",8.57
"203","M","Third-type bare-hand routines ","Group C","USA","Kai HIRAHARA",8.56
"204","M","Third-type bare-hand routines ","Group C","AUS","Fan-ao KONG",8.54
"205","M","Third-type bare-hand routines ","Group C","KAZ","Alkarim ZHADIGER",8.5
"206","M","Third-type bare-hand routines ","Group C","USA","Liam BROWN",8.49
"207","M","Third-type bare-hand routines ","Group C","SGP","NG Chun Sheng",8.48
"208","M","Third-type bare-hand routines ","Group C","USA","Brendan WONG",8.46
"209","M","Third-type bare-hand routines ","Group C","USA","Joshua TJHIN",8.44
"210","M","Third-type bare-hand routines ","Group C","ROU","Andrei Mario NEDELEA",8.43
"211","M","Third-type bare-hand routines ","Group C","CAN","WANG Tengyi",8.42
"212","M","Third-type bare-hand routines ","Group C","CZE","Moris BENYSEK",8.38
"213","M","Third-type bare-hand routines ","Group C","MEX","Arhat MENEZ ALARCON",8.37
"214","M","Third-type bare-hand routines ","Group C","USA","Luke WAGNER",8.36
"215","M","Fourth-type bare-hand routine_Chaquan ","Group C","EGY","Ammar mohamed ibrahim Sonbol",8.71
"216","M","Fourth-type bare-hand routine_Chaquan ","Group C","KAZ","Kirill MALEYEV",8.68
"217","M","Fourth-type bare-hand routine_Chaquan ","Group C","TUN","El Mabrouk RAFED",8.56
"218","M","Fourth-type bare-hand routine_Chaquan ","Group C","USA","Lawren BAI",8.53
"219","M","Fourth-type bare-hand routine_Chaquan ","Group C","GEO","Nikolozi NUTSUBIDZE",8.51
"220","M","Fourth-type bare-hand routine_Chaquan ","Group C","IND","Aatish Raj RAJKUMAR",8.39
"221","M","Fourth-type bare-hand routine_Chaquan ","Group C","USA","Sean WAGNER",8.38
"222","M","Fifth-type bare-hand routines_Shaolinquan ","Group C","KAZ","Alizhan MUKHAMETOV",8.69
"223","M","Fifth-type bare-hand routines_Shaolinquan ","Group C","ITA","Giorgio BELMONTE",8.59
"224","M","Fifth-type bare-hand routines_Shaolinquan ","Group C","GRE","Georgios LABOUSIS",8.57
"225","M","Fifth-type bare-hand routines_Shaolinquan ","Group C","GRE","Charalambos Iosif MATHIOPOULOS",8.54
"226","M","Fifth-type bare-hand routines_Shaolinquan ","Group C","GRE","Stefanos LINAKIS",8.51
"227","M","Fifth-type bare-hand routines_Shaolinquan ","Group C","USA","Nathaniel FONG",8.49
"228","M","Fifth-type bare-hand routines_Shaolinquan ","Group C","GRE","Evaggelos FOTEINOGIANNOPOULOS",8.48
"229","M","Fifth-type bare-hand routines_Shaolinquan ","Group C","ROU","Darius Valentin URUCU",8.44
"230","M","Fifth-type bare-hand routines_Shaolinquan ","Group C","KAZ","Ilya POTSKHVERIYA",8.41
"231","M","Fifth-type bare-hand routines_Shaolinquan ","Group C","USA","Eshaan NAIR",8.37
"232","M","Fifth-type bare-hand routines_Shaolinquan ","Group C","USA","Aaron LEE",8.36
"233","M","Fifth-type bare-hand routines_Shaolinquan ","Group C","AUS","Fan-rong KONG",8.33
"234","M","Fifth-type bare-hand routines_Shaolinquan ","Group C","EGY","Mohanad ISMAIL",8.08
"235","M","Fifth-type bare-hand routines_Shaolinquan ","Group C","EGY","Mazen MOHAMED",7.96
"236","M","Fifth-type bare-hand routines_Shaolinquan ","Group C","EGY","Mohamed SELMI",7.9
"237","M","Fifth-type bare-hand routines_Shaolinquan ","Group C","EGY","Nour ELEMAM",7.85
"238","M","bare-hand routines_Other routines ","Group C","AIN","Aleksandr SURKOV",8.68
"239","M","bare-hand routines_Other routines ","Group C","USA","Jasper Zhen Bao LI",8.63
"240","M","bare-hand routines_Other routines ","Group C","KAZ","Nurlan MUSTAFIN",8.6
"241","M","bare-hand routines_Other routines ","Group C","LAT","Nikita MATVEJEVS",8.57
"242","M","bare-hand routines_Other routines ","Group C","USA","Landau TZOU",8.54
"243","M","bare-hand routines_Other routines ","Group C","USA","Preston FARR",8.45
"244","M","bare-hand routines_Other routines ","Group C","GRE","DINAKU ALEXANDROS",8.35
"245","M","bare-hand routines_Other routines ","Group C","BRU","Ayden Chun Zhen LOO",8.33
"246","M","bare-hand routines_Other routines ","Group C","EGY","Omar ELSHOURBAGI",8.2
"247","M","bare-hand routines_Other routines ","Group C","EGY","Moustafa ZARA",8.19
"248","W","Fifth-type bare-hand routines_Shaolinquan ","Group E","AUS","Rosemary HERMANS",8.55
"249","W","Fifth-type bare-hand routines_Shaolinquan ","Group E","HUN","Szilvia GARAMI",8.54
"250","W","Fifth-type bare-hand routines_Shaolinquan ","Group E","HUN","Mária ARUTYUNJAN",8.53
"251","W","Fifth-type bare-hand routines_Shaolinquan ","Group E","INA","Ivonny BUDIONO",8.48
"252","W","Fifth-type bare-hand routines_Shaolinquan ","Group E","BRA","Renata Cristina LIU",8.41
"253","W","Fifth-type bare-hand routines_Shaolinquan ","Group E","GRE","Maria KONSTANTINOU",8.36
"254","M","First-type bare-hand routines_Bajiquan ","Group A","CAN","Ronghou LI",7.51
"255","M","First-type bare-hand routines_Bajiquan ","Group A","USA","Aiden LIANG",7.4
"256","M","First-type bare-hand routines_Bajiquan ","Group A","INA","Muhammad Rifat Azhar WIBOWO",7.38
"257","M","First-type bare-hand routines_Bajiquan ","Group A","NZL","Noah Junwei LIU",7.37
"258","M","First-type bare-hand routines_Bajiquan ","Group A","AUS","Jones Dave SANJO",7.27
"259","M","First-type bare-hand routines_Bajiquan ","Group A","CAN","Eden Jing Cheng LIU",7.26
"260","M","First-type bare-hand routines_Bajiquan ","Group A","USA","Greyson TURNBULL",7.26
"261","M","Third-type bare-hand routines ","Group A","USA","Frederick LI",7.76
"262","M","Third-type bare-hand routines ","Group A","MAC","ZHENG Kun Pang",7.56
"263","M","Third-type bare-hand routines ","Group A","FRA","Léo SCHUR CHEN",7.49
"264","M","Third-type bare-hand routines ","Group A","MAC","TANG Pak Him",7.45
"265","M","Third-type bare-hand routines ","Group A","HKG","LYU Mingqian",7.35
"266","M","Third-type bare-hand routines ","Group A","USA","Augustine DENG",7.23
"267","M","Third-type bare-hand routines ","Group A","MEX","Santiago ATANACIO CASAS",7.2
"268","M","Fourth-type bare-hand routine_Chaquan ","Group A","HKG","FUNG Yat",7.8
"269","M","Fourth-type bare-hand routine_Chaquan ","Group A","SGP","WENG Linrui",7.56
"270","M","Fourth-type bare-hand routine_Chaquan ","Group A","NZL","Villa ZHANG",7.5
"271","M","Fourth-type bare-hand routine_Chaquan ","Group A","USA","Henry ZHOU",7.48
"272","M","Fourth-type bare-hand routine_Chaquan ","Group A","INA","Brandon GUNAWAN",7.45
"273","M","Fourth-type bare-hand routine_Chaquan ","Group A","LAT","Ilja KISELOVS",7.4
"274","M","Fourth-type bare-hand routine_Chaquan ","Group A","USA","Henry Mengxuan HE",7.26
"275","M","Fourth-type bare-hand routine_Chaquan ","Group A","USA","Atharva DATAR",7.25
"276","M","Fourth-type bare-hand routine_Chaquan ","Group A","HKG","ZHENG Adrian",7.2
"277","M","Fourth-type bare-hand routine_Chaquan ","Group A","USA","Brendan HOANG",7.16
"278","M","Fourth-type bare-hand routine_Chaquan ","Group A","IND","Messi LAISHRAM",7.15
"279","M","Fourth-type bare-hand routine_Chaquan ","Group A","USA","Weihang YAN",7.12
"280","M","Fifth-type bare-hand routines_Shaolinquan ","Group A","GRE","Adrianos Marios SEITANIDIS",7.5
"281","M","Fifth-type bare-hand routines_Shaolinquan ","Group A","GRE","Charalambos PAVLOPOULOS",7.48
"282","M","Fifth-type bare-hand routines_Shaolinquan ","Group A","INA","Kenzo Athalla KAFI",7.41
"283","M","Fifth-type bare-hand routines_Shaolinquan ","Group A","USA","Kai Parker AU-YEUNG",7.25
"284","M","Fifth-type bare-hand routines_Shaolinquan ","Group A","USA","Hardy WANG",7.2
"285","M","Fifth-type bare-hand routines_Shaolinquan ","Group A","MEX","Sergio Leonardo ABARCA CAZARES",7.1
"286","M","Fifth-type bare-hand routines_Shaolinquan ","Group A","EGY","Omar KARAMALLA",6.7
"287","M","bare-hand routines_Other routines ","Group A","USA","Alex LI",7.67
"288","M","bare-hand routines_Other routines ","Group A","HKG","LYU Mingze",7.66
"289","M","bare-hand routines_Other routines ","Group A","FRA","Lorenzo REZZONICO",7.48
"290","M","bare-hand routines_Other routines ","Group A","HKG","YU Jianan",7.42
"291","M","bare-hand routines_Other routines ","Group A","NZL","Ruize GUI",7.38
"292","M","bare-hand routines_Other routines ","Group A","CAN","LI Wangsen",7.31
"293","M","bare-hand routines_Other routines ","Group A","USA","Micah YU",7.29
"294","M","bare-hand routines_Other routines ","Group A","USA","Zephyr Alexander REGAN",7.27
"295","M","bare-hand routines_Other routines ","Group A","HKG","LO Brandon Chak Kwan",7.26
"296","M","bare-hand routines_Other routines ","Group A","NZL","Liyou LI",7.25
"297","M","bare-hand routines_Other routines ","Group A","CAN","Albert ZHAO",7.23
"298","M","bare-hand routines_Other routines ","Group A","BRU","Jacob Oliver CHUA",7.23
"299","M","bare-hand routines_Other routines ","Group A","NZL","Nitai GRBIN",7.19
"300","M","bare-hand routines_Other routines ","Group A","CAN","Zizai YU",7.19
"301","M","bare-hand routines_Other routines ","Group A","USA","Kevin Jingcheng ZHANG",7.17
"302","M","First-type bare-hand routines_Bajiquan ","Group B","USA","Aaron PINEDO",8.46
"303","M","First-type bare-hand routines_Bajiquan ","Group B","LAT","Mihails FISKISS",8.42
"304","M","First-type bare-hand routines_Bajiquan ","Group B","USA","Jared ARROYO",8.39
"305","M","First-type bare-hand routines_Bajiquan ","Group B","EGY","Sif SALAMA",8.37
"306","M","First-type bare-hand routines_Bajiquan ","Group B","AUS","Haolong Carlos LI",8.34
"307","M","First-type bare-hand routines_Bajiquan ","Group B","CAN","Jing Hao Alexander NG",8.29
"308","M","First-type bare-hand routines_Bajiquan ","Group B","MAC","CHAN Chi Hin",8.26
"309","M","Second-type bare-hand routine ","Group B","HKG","HE Dragon",8.68
"310","M","Second-type bare-hand routine ","Group B","SVK","Martin GáLIS",8.54
"311","M","Second-type bare-hand routine ","Group B","USA","Adam CHAI",8.53
"312","M","Second-type bare-hand routine ","Group B","USA","Aaron LIANG",8.36
"313","M","Second-type bare-hand routine ","Group B","MAC","CHEOK Wa Weng",8.29
"314","M","Second-type bare-hand routine ","Group B","USA","Ethan YUE",8.21
"315","M","Third-type bare-hand routines ","Group B","USA","Timothy TAFF",8.52
"316","M","Third-type bare-hand routines ","Group B","IND","Sri Varshan SURESH KUMAR",8.43
"317","M","Third-type bare-hand routines ","Group B","BRA","Lorenzo SAVIANE ANTOGNOLLI",8.4
"318","M","Third-type bare-hand routines ","Group B","USA","Ethan CHAN",8.33
"319","M","Third-type bare-hand routines ","Group B","MEX","Bruno Armando DELGADO HOLGUIN",8.33
"320","M","Third-type bare-hand routines ","Group B","FRA","Andrej DENIC",8.28
"321","M","Third-type bare-hand routines ","Group B","CAN","Michael Yujia HAO",8.11
"322","M","Fourth-type bare-hand routine_Chaquan ","Group B","SGP","CHIA Hong Jie Ayden",8.49
"323","M","Fourth-type bare-hand routine_Chaquan ","Group B","USA","Matthew Yum Ping WONG",8.41
"324","M","Fourth-type bare-hand routine_Chaquan ","Group B","AUS","Ashton Tsz Pui CHAN",8.39
"325","M","Fourth-type bare-hand routine_Chaquan ","Group B","HKG","WONG Remus",8.31
"326","M","Fourth-type bare-hand routine_Chaquan ","Group B","USA","Miles GAAN",8.23
"327","M","Fourth-type bare-hand routine_Chaquan ","Group B","USA","Bryan TSUN",8.21
"328","M","Fifth-type bare-hand routines_Shaolinquan ","Group B","GRE","Konstantinos LIAPIS",8.65
"329","M","Fifth-type bare-hand routines_Shaolinquan ","Group B","MAS","NG Ricky Jia Cheng",8.49
"330","M","Fifth-type bare-hand routines_Shaolinquan ","Group B","KAZ","Rinat MARAYEV",8.46
"331","M","Fifth-type bare-hand routines_Shaolinquan ","Group B","MAS","TAN Darren Guan Liang",8.4
"332","M","Fifth-type bare-hand routines_Shaolinquan ","Group B","GRE","Odysseas THEODOROU",8.38
"333","M","Fifth-type bare-hand routines_Shaolinquan ","Group B","USA","Yabin YANG",8.33
"334","M","Fifth-type bare-hand routines_Shaolinquan ","Group B","USA","Logan Xavier AU-YEUNG",8.31
"335","M","Fifth-type bare-hand routines_Shaolinquan ","Group B","EGY","Mansour ELALAMI",8.09
"336","M","Fifth-type bare-hand routines_Shaolinquan ","Group B","EGY","Mohamed SHALABI",7.9
"337","M","Fifth-type bare-hand routines_Shaolinquan ","Group B","EGY","Elsayed ELSHERBINI",7.66
"338","M","bare-hand routines -Other routines ","Group B","USA","Nathan CHAN",8.46
"339","M","bare-hand routines -Other routines ","Group B","USA","Alphard SHI",8.41
"340","M","bare-hand routines -Other routines ","Group B","USA","Julian THIO",8.38
"341","M","bare-hand routines -Other routines ","Group B","USA","Aaron FENG",8.37
"342","M","bare-hand routines -Other routines ","Group B","ITA","Mark SECCI",8.36
"343","M","bare-hand routines -Other routines ","Group B","FRA","Aaron COHEN",8.33
"344","M","bare-hand routines -Other routines ","Group B","ROU","Andrei UDISTEANU ASLAN",8.27
"345","M","bare-hand routines -Other routines ","Group B","BRU","Qayden Ming Yi YII",8.25
"346","M","bare-hand routines -Other routines ","Group B","EGY","Taha SHARABIA",8.21
"347","M","bare-hand routines -Other routines ","Group B","USA","Brayden ROLDAN",8.21
"348","M","bare-hand routines -Other routines ","Group B","USA","Gottlieb ZHU",8.19
"349","M","bare-hand routines -Other routines ","Group B","USA","Eric CHENG",8.18
"350","M","bare-hand routines -Other routines ","Group B","CAN","Jixiang YU",8.17
"351","M","bare-hand routines -Other routines ","Group B","HUN","Bence VIDA",8.13
"352","W","Third-type bare-hand routines ","Group A","USA","Ryan NGO",7.44
"353","W","Third-type bare-hand routines ","Group A","NZL","Ariella Leyao LIUCHEN",7.42
"354","W","Third-type bare-hand routines ","Group A","MAC","IAO Chi Iao",7.39
"355","W","Third-type bare-hand routines ","Group A","HKG","XIA Wan Zhi Grace",7.35
"356","W","Third-type bare-hand routines ","Group A","USA","Emily LU",7.3
"357","W","Third-type bare-hand routines ","Group A","USA","Joyce ZHANG",7.28
"358","W","Third-type bare-hand routines ","Group A","USA","Scarlett Lee BAUTISTA",7.19
"359","W","Fourth-type bare-hand routine_Chaquan ","Group A","SGP","TAN Zhi Tong",7.52
"360","W","Fourth-type bare-hand routine_Chaquan ","Group A","HKG","FENG Yik Man",7.45
"361","W","Fourth-type bare-hand routine_Chaquan ","Group A","USA","Summer ZHANG",7.41
"362","W","Fourth-type bare-hand routine_Chaquan ","Group A","HKG","LAU Azaria Hiu Yu",7.33
"363","W","Fourth-type bare-hand routine_Chaquan ","Group A","USA","Reiya TANG",7.3
"364","W","Fourth-type bare-hand routine_Chaquan ","Group A","USA","Mochen Jasmine LI",7.27
"365","W","Fourth-type bare-hand routine_Chaquan ","Group A","USA","Amy ZHANG",7.18
"366","W","Fourth-type bare-hand routine_Chaquan ","Group A","USA","Lizbeth DENG",7.17
"367","W","Other bare-hand routines_","Group A","KAZ","Aiaru MUKHAMETOVA",7.71
"368","W","Other bare-hand routines_","Group A","SGP","SOH Camille Yu Rou",7.58
"369","W","Other bare-hand routines_","Group A","USA","Florence Linh Lan KYI",7.56
"370","W","Other bare-hand routines_","Group A","USA","Anya AN",7.53
"371","W","Other bare-hand routines_","Group A","LAT","Anna ZABLOCKA",7.47
"372","W","Other bare-hand routines_","Group A","USA","Quinn Yiren LIU",7.44
"373","W","Other bare-hand routines_","Group A","BRU","Hannah TAN",7.43
"374","W","Other bare-hand routines_","Group A","USA","Emina JIAN",7.42
"375","W","Other bare-hand routines_","Group A","INA","Raisya Aliya WIBOWO",7.39
"376","W","Other bare-hand routines_","Group A","USA","Angelina YU",7.38
"377","W","Other bare-hand routines_","Group A","NZL","Jessica QIAO",7.37
"378","W","Other bare-hand routines_","Group A","USA","Madelyn WANG",7.36
"379","W","Other bare-hand routines_","Group A","AUS","Aphrael HONG",7.33
"380","W","Other bare-hand routines_","Group A","USA","Stella SUN",7.28
"381","W","Other bare-hand routines_","Group A","MAC","CHAN U Chek",7.24
"382","W","Other bare-hand routines_","Group A","USA","Angela WONG",7.21
"383","M","Nanquan-type routines_Yongchunquan (Wing Chun) ","Group D","UKR","Daniil FESHCHENKO",8.95
"384","M","Nanquan-type routines_Yongchunquan (Wing Chun) ","Group D","HKG","TING Kin Sing Kinson",8.85
"385","M","Nanquan-type routines_Yongchunquan (Wing Chun) ","Group D","IND","Divyansh Manoj GUPTA",8.73
"386","M","Nanquan-type routines_Yongchunquan (Wing Chun) ","Group D","TJK","Abbos JURAEV",8.65
"387","M","Nanquan-type routines_Yongchunquan (Wing Chun) ","Group D","FRA","Kévin KE",8.62
"388","M","Nanquan-type routines_Yongchunquan (Wing Chun) ","Group D","GEO","Tornike NANIKASHVILI",8.6
"389","M","Nanquan-type routines_Yongchunquan (Wing Chun) ","Group D","ITA","Gabriele PALLOTTA",8.58
"390","M","Nanquan-type routines_Yongchunquan (Wing Chun) ","Group D","ROU","Florin Alexandru BARICA",8.56
"391","M","Nanquan-type routines_Yongchunquan (Wing Chun) ","Group D","BUL","Mario PETRUNOV",8.55
"392","M","Nanquan-type routines_Yongchunquan (Wing Chun) ","Group D","ARG","Elias Edgardo CHAIHORT",8.54
"393","M","Nanquan-type routines_Yongchunquan (Wing Chun) ","Group D","ROU","Ioan Daniel STAN",8.52
"394","M","Nanquan-type routines_Yongchunquan (Wing Chun) ","Group D","GEO","Beka PURTSELADZE",8.5
"395","M","Nanquan-type routines_Yongchunquan (Wing Chun) ","Group D","BUL","Georgi NIKOLOV",8.49
"396","M","Nanquan-type routines_Yongchunquan (Wing Chun) ","Group D","GEO","Kakha SARDALISHIVLI",8.4
"397","M","Nanquan-type routines_Cailifoquan (Choy Lay Fut) ","Group D","UKR","Danylo POTURYMETS",8.99
"398","M","Nanquan-type routines_Cailifoquan (Choy Lay Fut) ","Group D","BRA","Anthony DA SILVA CAPELAZZO",8.83
"399","M","Nanquan-type routines_Cailifoquan (Choy Lay Fut) ","Group D","GRE","Konstantinos LAMPADAS",8.72
"400","M","Nanquan-type routines_Cailifoquan (Choy Lay Fut) ","Group D","NED","Ferran Tomás NIEUWKAMER SANCHEZ",8.71
"401","M","Nanquan-type routines_Cailifoquan (Choy Lay Fut) ","Group D","BRA","Flavio Henrique CASSIANO",8.68
"402","M","Nanquan-type routines_Cailifoquan (Choy Lay Fut) ","Group D","BRA","Rodrigo DE LIMA DANTAS",8.65
"403","M","Nanquan-type routines_Cailifoquan (Choy Lay Fut) ","Group D","POL","Filip Michal PARAFIńSKI",8.64
"404","M","Nanquan-type routines_Cailifoquan (Choy Lay Fut) ","Group D","BRA","Guilherme Henrique SOUZA DE OLIVEIRA",8.59
"405","M","Nanquan-type routines_Cailifoquan (Choy Lay Fut) ","Group D","USA","Alexander Martin CHOI",8.48
"406","M","Nanquan-type routines_Hongjiaquan (Hung Gar)","Group D","AIN","Kamil KHALILIULIN",9
"407","M","Nanquan-type routines_Hongjiaquan (Hung Gar)","Group D","MAC","LEONG Chou Fong",8.98
"408","M","Nanquan-type routines_Hongjiaquan (Hung Gar)","Group D","AIN","Dierbek DUISHABOEV",8.93
"409","M","Nanquan-type routines_Hongjiaquan (Hung Gar)","Group D","POL","Tomasz BILUT",8.88
"410","M","Nanquan-type routines_Hongjiaquan (Hung Gar)","Group D","AIN","Dmitrii TIUNOV",8.86
"411","M","Nanquan-type routines_Hongjiaquan (Hung Gar)","Group D","AIN","Tikhon NIKITIN",8.84
"412","M","Nanquan-type routines_Hongjiaquan (Hung Gar)","Group D","AIN","Rinat KUCHUMOV",8.79
"413","M","Nanquan-type routines_Hongjiaquan (Hung Gar)","Group D","SGP","YAP Wei Sheng Wilson",8.77
"414","M","Nanquan-type routines_Hongjiaquan (Hung Gar)","Group D","AUS","Xun Tao HUANG",8.72
"415","M","Nanquan-type routines_Hongjiaquan (Hung Gar)","Group D","CZE","Petr BURES",8.7
"416","M","Nanquan-type routines_Hongjiaquan (Hung Gar)","Group D","ITA","Matteo TESTARDINI",8.69
"417","M","Nanquan-type routines_Hongjiaquan (Hung Gar)","Group D","AUS","Jacky CHEN",8.68
"418","M","Nanquan-type routines_Hongjiaquan (Hung Gar)","Group D","CZE","Matej KRATKY",8.66
"419","M","Nanquan-type routines_Hongjiaquan (Hung Gar)","Group D","POL","Lukasz Mateusz MASLANKA",8.57
"420","M","Nanquan-type routines_Hongjiaquan (Hung Gar)","Group D","AUS","Kin Cheung HO",8.54
"421","M","Nanquan-type routines_Hongjiaquan (Hung Gar)","Group D","POL","Franciszek Jan DERZKO",8.5
"422","M","Nanquan-type routines_Hongjiaquan (Hung Gar)","Group D","AUS","Nathan NGHIEM",8.42
"423","M","Nanquan-type routines_Hongjiaquan (Hung Gar)","Group D","SVK","Radoslav MORAVcíK",8.41
"424","M","Nanquan-type routines_Hongjiaquan (Hung Gar)","Group D","AUS","Xun Hao HUANG",8.36
"425","M","Nanquan-type routines_Hongjiaquan (Hung Gar)","Group D","GBR","Guy Richard Ian TOKLEY",8.33
"426","M","Nanquan-type routines_Other routines ","Group D","MAC","CHEUNG Ioi Chit",8.95
"427","M","Nanquan-type routines_Other routines ","Group D","AUS","Fan-bo KONG",8.86
"428","M","Nanquan-type routines_Other routines ","Group D","ITA","Alessandro SIRTO",8.79
"429","M","Nanquan-type routines_Other routines ","Group D","GEO","Giorgi ONIANI",8.74
"430","M","Nanquan-type routines_Other routines ","Group D","TUR","Deniz SABOTIC",8.72
"431","M","Nanquan-type routines_Other routines ","Group D","BRA","Caio Cesar ZANA",8.68
"432","M","Nanquan-type routines_Other routines ","Group D","SGP","CHENG Kei Win",8.62
"433","M","Nanquan-type routines_Other routines ","Group D","BRA","Pedro CORREA LEMES",8.61
"434","M","Nanquan-type routines_Other routines ","Group D","TJK","Ilyoskhon VALIEV",8.51
"435","M","Nanquan-type routines_Other routines ","Group D","IND","Ranjeet SINGH",8.5
"436","M","Nanquan-type routines_Other routines ","Group D","USA","Micah JUMAN",8.46
"437","M","Nanquan-type routines_Other routines ","Group D","ROU","Victor HASIEGANU",8.43
"438","M","Nanquan-type routines_Other routines ","Group D","HUN","Gergely Lóránd BoDY",8.42
"439","M","Nanquan-type routines_Other routines ","Group D","USA","Rory HYTREK",8.33
"440","M","Nanquan-type routines_Other routines ","Group D","ARG","Alejandro Oscar OVIEDO",8.22
"441","M","Nanquan-type routines_Other routines ","Group D","IND","Bhav SHRIMALI",7.89
"442","W","First-type bare-hand routines_Bajiquan ","Group D","JPN","ODAGIRI Emi",8.7
"443","W","First-type bare-hand routines_Bajiquan ","Group D","MEX","Michelle MENA TORRES",8.66
"444","W","First-type bare-hand routines_Bajiquan ","Group D","MAC","LIAO Chio Weng",8.65
"445","W","First-type bare-hand routines_Bajiquan ","Group D","MEX","Karime Janet MORALES CASAS",8.63
"446","W","First-type bare-hand routines_Bajiquan ","Group D","FRA","Alexandra CARVALHEIRO",8.51
"447","W","First-type bare-hand routines_Bajiquan ","Group D","MEX","Marisol Guadalupe AISPURO BRINGAS",8.49
"448","W","First-type bare-hand routines_Bajiquan ","Group D","AUT","Fu Yao Zi WANG",8.43
"449","W","First-type bare-hand routines_Bajiquan ","Group D","TJK","Eleonora FAIZOVA",7.96
"450","W","First-type bare-hand routines_Baguazhang ","Group D","CHN","DUAN Jing",9.23
"451","W","First-type bare-hand routines_Baguazhang ","Group D","TUR","Zeynep Makbule AKYUZ",8.86
"452","W","First-type bare-hand routines_Baguazhang ","Group D","EGY","Jana Emad Mohamed Mostafa",8.82
"453","W","First-type bare-hand routines_Baguazhang ","Group D","LAT","Polina MALAHOVA",8.77
"454","W","First-type bare-hand routines_Baguazhang ","Group D","KGZ","Eles KOKUMBEK KYZY",8.73
"455","W","First-type bare-hand routines_Baguazhang ","Group D","MEX","Grace Guadalupe DE LA ROSA LIRA",8.61
"456","W","First-type bare-hand routines_Baguazhang ","Group D","ITA","Maria FAJRI",8.6
"457","W","First-type bare-hand routines_Baguazhang ","Group D","MAC","LEI Un Si",8.52
"458","W","First-type bare-hand routines_Baguazhang ","Group D","IND","Isha MISHRA",8.51
"459","W","First-type bare-hand routines_Baguazhang ","Group D","AUS","Jian Yi KOO",8.48
"460","W","First-type bare-hand routines_Baguazhang ","Group D","USA","Jessica ZOU",8.33
"461","W","First-type bare-hand routines_Baguazhang ","Group D","HUN","Hanna DANCS",8.27
"462","W","First-type bare-hand routines_Baguazhang ","Group D","AUS","Veronica FUNG",8.22
"463","W","Third-type bare-hand routines ","Group D","USA","Meiying WANG",8.89
"464","W","Third-type bare-hand routines ","Group D","AIN","Almira GARIFULLINA",8.8
"465","W","Third-type bare-hand routines ","Group D","UKR","Alina KRYSKO",8.77
"466","W","Third-type bare-hand routines ","Group D","UKR","Yana POLTORATSKA",8.7
"467","W","Third-type bare-hand routines ","Group D","NZL","Nelara AMARASINGHE",8.63
"468","W","Third-type bare-hand routines ","Group D","GRE","Elena KOKOLESI",8.62
"469","W","Third-type bare-hand routines ","Group D","GRE","Isidora PAPACHRISTOU",8.6
"470","W","Third-type bare-hand routines ","Group D","AUT","Julia LINERT",8.59
"471","W","Third-type bare-hand routines ","Group D","ESP","Zaida GARCíA DE LA GALANA ALIRANGUES",8.57
"472","W","Third-type bare-hand routines ","Group D","IND","Vedaasruthi SHANMUGAVADIVEL",8.54
"473","W","Third-type bare-hand routines ","Group D","POR","Beatriz PINHO",8.47
"474","W","Third-type bare-hand routines ","Group D","MEX","Diana Lizeth MEDRANO MENDOZA",8.43
"475","W","Fifth-type bare-hand routines_Shaolinquan ","Group D","CHN","ZHOU Qi",8.98
"476","W","Fifth-type bare-hand routines_Shaolinquan ","Group D","AIN","Elizaveta KOCHETKOVA",8.87
"477","W","Fifth-type bare-hand routines_Shaolinquan ","Group D","KAZ","Dayana KUSPANOVA",8.85
"478","W","Fifth-type bare-hand routines_Shaolinquan ","Group D","ITA","Giulia BASSI",8.81
"479","W","Fifth-type bare-hand routines_Shaolinquan ","Group D","HUN","Eniko VIZI",8.72
"480","W","Fifth-type bare-hand routines_Shaolinquan ","Group D","ITA","Lara MARRA",8.71
"481","W","Fifth-type bare-hand routines_Shaolinquan ","Group D","ITA","Elisa BRAMBILLA",8.7
"482","W","Fifth-type bare-hand routines_Shaolinquan ","Group D","ITA","Letizia Giulietta TEDOLDI",8.66
"483","W","Fifth-type bare-hand routines_Shaolinquan ","Group D","GRE","Konstantina FOTEINOGIANNOPOULOU",8.62
"484","W","Fifth-type bare-hand routines_Shaolinquan ","Group D","POL","Patrycja Anna KOLASKA",8.61
"485","W","Fifth-type bare-hand routines_Shaolinquan ","Group D","GRE","Panagiota Aikaterini MATHIOPOULOU",8.58
"486","W","Fifth-type bare-hand routines_Shaolinquan ","Group D","MEX","Liliana TREJO ROMAN",8.55
"487","W","Fifth-type bare-hand routines_Shaolinquan ","Group D","HUN","Dóra Tímea HORVáTH",8.54
"488","W","Fifth-type bare-hand routines_Shaolinquan ","Group D","GBR","Amanda Geraldine D'ARCY",8.52
"489","W","Fifth-type bare-hand routines_Shaolinquan ","Group D","GRE","Margarita PAGONI",8.46
"490","W","Fifth-type bare-hand routines_Shaolinquan ","Group D","GBR","Tyra Ruqaiyah EDWARDS-WALKER",8.45
"491","W","Fifth-type bare-hand routines_Shaolinquan ","Group D","RSA","Kitana Cora VAN DER MESCHT",8.45
"492","W","Fifth-type bare-hand routines_Shaolinquan ","Group D","BRA","Regina Helena ALENCAR RIBEIRO",8.44
"493","W","Fifth-type bare-hand routines_Shaolinquan ","Group D","NED","Lyly Diep TRAN",8.44
"494","W","Fifth-type bare-hand routines_Shaolinquan ","Group D","MAS","CHEE Ching Ting",8.42
"495","W","Fifth-type bare-hand routines_Shaolinquan ","Group D","MEX","Karen Priscila PANECATL URQUIZA",8.41
"496","W","Fifth-type bare-hand routines_Shaolinquan ","Group D","POR","Beatriz OLIVEIRA",8.35
"497","W","Fifth-type bare-hand routines_Shaolinquan ","Group D","AUS","Amy NGHIEM",8.33
"498","W","Fifth-type bare-hand routines_Shaolinquan ","Group D","USA","Li Ying LU",8.12
"499","W","Fourth-type bare-hand routine_Chaquan ","Group D","AIN","Aksiniia SHCHUKINA",8.87
"500","W","Fourth-type bare-hand routine_Chaquan ","Group D","AIN","Alina BUTRINOVA",8.83
"501","W","Fourth-type bare-hand routine_Chaquan ","Group D","TUR","Elif AKYUZ",8.75
"502","W","Fourth-type bare-hand routine_Chaquan ","Group D","FRA","Laetitia TAN",8.62
"503","W","Fourth-type bare-hand routine_Chaquan ","Group D","BRA","Brenda SILVA DOS SANTOS",8.6
"504","W","Fourth-type bare-hand routine_Chaquan ","Group D","SVK","Hanka HATALOVá",8.58
"505","W","Fourth-type bare-hand routine_Chaquan ","Group D","IND","Shreya KUMARI",8.53
"506","W","Fourth-type bare-hand routine_Chaquan ","Group D","POR","Inês SOARES",8.48
"507","W","Fourth-type bare-hand routine_Chaquan ","Group D","POR","Cheila GONCALVES",8.43
"508","W","bare-hand routines_Other routines ","Group E","CHN","WANG Xiufen",9.11
"509","W","bare-hand routines_Other routines ","Group E","CHN","HUANG Yi",9.1
"510","W","bare-hand routines_Other routines ","Group E","BRA","Paula AMIDANI SOARES DE AZEVEDO",8.77
"511","W","bare-hand routines_Other routines ","Group E","POL","Beata ENGEL",8.68
"512","W","bare-hand routines_Other routines ","Group E","AUS","Angela Jia Li MAK",8.59
"513","W","bare-hand routines_Other routines ","Group E","KGZ","Liubov SERIAKOVA",8.58
"514","W","bare-hand routines_Other routines ","Group E","POR","Irene CANDEIAS",8.56
"515","W","bare-hand routines_Other routines ","Group E","HUN","Linda GYURCSó-DEáK",8.52
"516","W","bare-hand routines_Other routines ","Group E","AUS","Yu Zhang DONG FANG",8.47
"517","W","bare-hand routines_Other routines ","Group E","FRA","Thanh INGLE LAI THI",8.46
"518","W","bare-hand routines_Other routines ","Group E","USA","Shaoping WANG",8.44
"519","W","bare-hand routines_Other routines ","Group E","USA","Lin GAO",8.39
"520","W","bare-hand routines_Other routines ","Group E","MEX","Margot MARTINEZ SOLIS",8.36
"521","W","bare-hand routines_Other routines ","Group E","USA","Jessica AMISIAL",8.3
"522","W","bare-hand routines_Other routines ","Group E","LAT","Laura BURAKA",8.23
"523","W","bare-hand routines_Other routines ","Group F","JPN","SUETSUGU Masami",8.62
"524","W","bare-hand routines_Other routines ","Group F","USA","Xiaoan WANG",8.32
"525","W","bare-hand routines_Other routines ","Group F","FRA","Consiglia CIABURRI",8.3
"526","W","bare-hand routines_Other routines ","Group F","AUS","Cheng Choo Khoo",8.29
"527","W","Nanquan-type routines ","Group E","GBR","Michele Maki NAKASONE",8.73
"528","W","Nanquan-type routines ","Group E","BRA","Nina ROMANO CARDOSO SILVESTRE",8.58
"529","W","Nanquan-type routines ","Group E","GRE","Anna KOKKINAKI",8.54
"530","W","Nanquan-type routines ","Group E","NED","Marielle Brigitte SANCHEZ VAN GINKEL",8.53
"531","W","Nanquan-type routines ","Group E","GRE","Eleftheria PANAGOPOULOU",8.47
"532","W","Nanquan-type routines ","Group E","ARG","Ana Maria BARROS",8.46
"533","W","Nanquan-type routines ","Group E","MAS","LEE Lai Yin",8.37
"534","W","Nanquan-type routines ","Group E","MAS","NG Yuen Yee",8.35
"535","M","Taijiquan-type routines_Chen Style ","Group E","SGP","LIM Che How",9.06
"536","M","Taijiquan-type routines_Chen Style ","Group E","USA","Cheng ZHANG",8.95
"537","M","Taijiquan-type routines_Chen Style ","Group E","MAS","WONG Chien Kian",8.84
"538","M","Taijiquan-type routines_Chen Style ","Group E","SVK","Michal SLAMKA",8.74
"539","M","Taijiquan-type routines_Chen Style ","Group E","BUL","Ivo GEORGIEV",8.7
"540","M","Taijiquan-type routines_Chen Style ","Group E","GEO","Lasha SUMBULASHVILI",8.69
"541","M","Taijiquan-type routines_Chen Style ","Group E","USA","Aleksandr SMIRNOV",8.64
"542","M","Taijiquan-type routines_Chen Style ","Group E","CZE","Milan HOREJS",8.61
"543","M","Taijiquan-type routines_Chen Style ","Group E","ARG","Diego Javier GONZALEZ",8.55
"544","M","Taijiquan-type routines_Chen Style ","Group E","POL","Robert Pawel MAsLANKA",8.53
"545","M","Taijiquan-type routines_Chen Style ","Group E","ITA","Antonio PIGNATARO",8.51
"546","M","Taijiquan-type routines_Chen Style ","Group E","POL","Marcin Jacek ZARóD",8.49
"547","M","Taijiquan-type routines_Chen Style ","Group E","GBR","Stanislav BALTSEZAK",8.48
"548","M","Taijiquan-type routines_Chen Style ","Group E","USA","Scott SPENCER",8.46
"549","M","Taijiquan-type routines_Chen Style ","Group E","AUS","Dhimesh Ramesh Patel",8.21
"550","M","Taijiquan-type routines_Yang Style ","Group E","HKG","CHOI Yik Ching",8.74
"551","M","Taijiquan-type routines_Yang Style ","Group E","AUS","Wei Wen RUAN",8.69
"552","M","Taijiquan-type routines_Yang Style ","Group E","CZE","Tomas RIHACEK",8.64
"553","M","Taijiquan-type routines_Yang Style ","Group E","SUI","Alexandre ORICCHIO",8.59
"554","M","Taijiquan-type routines_Yang Style ","Group E","FRA","Norman PRADES",8.5
"555","M","Taijiquan-type routines_Yang Style ","Group E","USA","Alan HIRAHARA",8.49
"556","M","Taijiquan-type routines_Yang Style ","Group E","AUS","Walter The Khuong LY",8.46
"557","M","Taijiquan-type routines_Yang Style ","Group E","ESP","Francisco Javier ARNANZ SOTELO",8.41
"558","M","Taijiquan-type routines_Yang Style ","Group E","BUL","Dimitar MIHAYLOV",8.33
"559","M","Taijiquan-type routines_Yang Style ","Group E","USA","Wayne BREWER",8.26
"560","M","Taijiquan-type routines_Yang Style ","Group E","HUN","Ferenc DARAB",8.24
"561","M","Taijiquan-type routines_Yang Style ","Group E","MEX","Cesar HERRERA JIMENEZ",7.99
"562","M","Taijiquan-type routines_Yang Style ","Group E","ARG","Humberto De Jesus VEGA ROMO",7.4
"563","M","Taijiquan-type routines_Other routines ","Group E","GBR","Barry James PHELAN",8.77
"564","M","Taijiquan-type routines_Other routines ","Group E","JPN","IWAMOTO Kunishige",8.61
"565","M","Taijiquan-type routines_Other routines ","Group E","SGP","ANG Royce Boon Seng",8.57
"566","M","Taijiquan-type routines_Other routines ","Group E","POR","Bruno RIBEIRO",8.42
"567","M","Taijiquan-type routines_Other routines ","Group E","SGP","WONG Kwai Wah",8.37
"568","M","Taijiquan-type routines_Other routines ","Group E","USA","Orvie THUMEL",8.34
"569","M","Taijiquan-type routines_Other routines ","Group E","INA","Iwan Setiawan NG",8.33
"570","M","Taijiquan-type routines_Other routines ","Group E","NZL","Owen LOEFFELLECHNER",8.3
"571","M","Taijiquan-type routines_Other routines ","Group E","MEX","Alberto MORALES ROJAS",8.29
"572","M","Taijiquan-type routines_Yang Style ","Group F","MAC","LAM Chi Meng",8.61
"573","M","Taijiquan-type routines_Yang Style ","Group F","HKG","CHEUNG Kwong Tat",8.58
"574","M","Taijiquan-type routines_Yang Style ","Group F","HKG","MAK Tai Man Peter",8.54
"575","M","Taijiquan-type routines_Yang Style ","Group F","AUS","Gordon Khing Hooi MAH",8.46
"576","M","Taijiquan-type routines_Yang Style ","Group F","JPN","NISHIKAWA Naoki",8.45
"577","M","Taijiquan-type routines_Yang Style ","Group F","AUS","Han Yeh CHAN",8.44
"578","M","Taijiquan-type routines_Yang Style ","Group F","HKG","CHENG Chung Kit",8.43
"579","M","Taijiquan-type routines_Yang Style ","Group F","AUS","Wing Kit Albert LO",8.39
"580","M","Taijiquan-type routines_Yang Style ","Group F","JPN","OKAMOTO Kenzo",8.37
"581","M","Taijiquan-type routines_Yang Style ","Group F","ESP","Eloy Alberto NInO ORTEGA",8.36
"582","M","Taijiquan-type routines_Yang Style ","Group F","AUS","Steven LEE",8.3
"583","M","Taijiquan-type routines_Yang Style ","Group F","AUS","Andy Tat Woo NG",8.27
"584","M","Taijiquan-type routines_Yang Style ","Group F","AUS","Grahame George PRIEST",8.26
"585","M","Taijiquan-type routines_Other routines ","Group F","CAN","Raymond Kin Keung MA",8.79
"586","M","Taijiquan-type routines_Other routines ","Group F","SGP","TAY Kiang Meng",8.76
"587","M","Taijiquan-type routines_Other routines ","Group F","SGP","TAY Ah Huat",8.67
"588","M","Taijiquan-type routines_Other routines ","Group F","MAC","CHAN Io Kuai",8.65
"589","M","Taijiquan-type routines_Other routines ","Group F","NZL","Daniel B ZUO",8.6
"590","M","Taijiquan-type routines_Other routines ","Group F","JPN","OMIKAWA Masato",8.53
"591","M","Taijiquan-type routines_Other routines ","Group F","JPN","ARAI Kazuhiko",8.47
"592","M","Taijiquan-type routines_Other routines ","Group F","AUS","Bin Xiong QIAN",8.45
"593","M","Taijiquan-type routines_Other routines ","Group F","USA","Kenneth DELLAPENTA",8.35
"594","M","Taijiquan-type routines_Other routines ","Group F","CAN","Edmond Man Kong CHEUNG",8.34
"595","M","Taijiquan-type routines_Other routines ","Group F","JPN","YAMAGUCHI Tadashi",8.27
"596","M","Taijiquan-type routines_Other routines ","Group F","USA","Peter Wing CHOI",8.25
"597","M","Taijiquan-type routines_Other routines ","Group F","JPN","TAKEDA Anri",8.2
"598","W","Taijiquan-type routines_42-posture Taijiquan ","Group E","USA","Jie GU",8.77
"599","W","Taijiquan-type routines_42-posture Taijiquan ","Group E","JPN","KAMBARA Yumi",8.67
"600","W","Taijiquan-type routines_42-posture Taijiquan ","Group E","AUT","Maryse Suzanne VALIN-LINERT",8.61
"601","W","Taijiquan-type routines_42-posture Taijiquan ","Group E","KAZ","Gaini KYPSHAKBAY",8.52
"602","W","Taijiquan-type routines_42-posture Taijiquan ","Group E","FRA","Yue DU QIAN",8.49
"603","W","Taijiquan-type routines_42-posture Taijiquan ","Group E","FRA","Sophie FOUCHER",8.47
"604","W","Taijiquan-type routines_42-posture Taijiquan ","Group E","USA","Annie Laurie CATES",8.46
"605","W","Taijiquan-type routines_42-posture Taijiquan ","Group E","CAN","Li LI",8.39
"606","W","Taijiquan-type routines_Chen Style ","Group E","CHN","ZHENG Caixia",9.12
"607","W","Taijiquan-type routines_Chen Style ","Group E","GEO","Maka GABESKIRIA",8.81
"608","W","Taijiquan-type routines_Chen Style ","Group E","SGP","NG Chiew Yen",8.72
"609","W","Taijiquan-type routines_Chen Style ","Group E","MEX","Miriam Ocotlan MACEDA ROCHA",8.66
"610","W","Taijiquan-type routines_Chen Style ","Group E","MEX","Elizabeth GARCIA MARTINEZ",8.61
"611","W","Taijiquan-type routines_Chen Style ","Group E","USA","Peikai WANG",8.54
"612","W","Taijiquan-type routines_Chen Style ","Group E","SGP","CHEN Shanli",8.53
"613","W","Taijiquan-type routines_Chen Style ","Group E","USA","Qiong LI",8.5
"614","W","Taijiquan-type routines_Chen Style ","Group E","USA","Michelle BENSI",8.48
"615","W","Taijiquan-type routines_Chen Style ","Group E","BUL","Antoniya STOYANOVA",8.38
"616","W","Taijiquan-type routines_Chen Style ","Group E","POR","Mariana LOPES",8.28
"617","W","Taijiquan-type routines_Chen Style ","Group E","BUL","Nataliya TRIFONOVA",8.23
"618","W","Taijiquan-type routines_Chen Style ","Group E","KAZ","Tatyana BORTA",8.21
"619","W","Taijiquan-type routines_Chen Style ","Group E","USA","Sally KIDWELL",8.2
"620","W","Taijiquan-type routines_Yang Style ","Group E","HKG","WONG Wing Yan Josephine",8.89
"621","W","Taijiquan-type routines_Yang Style ","Group E","HKG","FUJITA Makiko",8.76
"622","W","Taijiquan-type routines_Yang Style ","Group E","HKG","NG Lai Ling Maggie",8.7
"623","W","Taijiquan-type routines_Yang Style ","Group E","HKG","WONG Yin Ling Elaine",8.61
"624","W","Taijiquan-type routines_Yang Style ","Group E","CAN","ZHANG Chunying",8.59
"625","W","Taijiquan-type routines_Yang Style ","Group E","HKG","YU Li",8.57
"626","W","Taijiquan-type routines_Yang Style ","Group E","KGZ","Natalia NESHCHERET",8.53
"627","W","Taijiquan-type routines_Yang Style ","Group E","KAZ","Tatyana ZHIGALKINA",8.52
"628","W","Taijiquan-type routines_Yang Style ","Group E","CAN","Siaw Kin Agnes LEE",8.51
"629","W","Taijiquan-type routines_Yang Style ","Group E","HKG","WONG Tak Wing Teresa",8.5
"630","W","Taijiquan-type routines_Yang Style ","Group E","HKG","CHAN Hung Regina",8.49
"631","W","Taijiquan-type routines_Yang Style ","Group E","AUS","Ling Meng KOO",8.36
"632","W","Taijiquan-type routines_Yang Style ","Group E","HKG","WAN Sin Pui",8.35
"633","W","Taijiquan-type routines_Yang Style ","Group E","MEX","Kitzia Mercedes ARIAS CAMPOS",8.34
"634","W","Taijiquan-type routines_Yang Style ","Group E","HKG","YU Suk Fei",8.32
"635","W","Taijiquan-type routines_Other routines ","Group E","JPN","ONO Kimiyo",8.7
"636","W","Taijiquan-type routines_Other routines ","Group E","USA","Fong ZHANG",8.69
"637","W","Taijiquan-type routines_Other routines ","Group E","USA","Xia CHEN",8.5
"638","W","Taijiquan-type routines_Other routines ","Group E","MAC","MA Wai Soi",8.42
"639","W","Taijiquan-type routines_Other routines ","Group E","MAC","LEI Sut Keng",8.41
"640","W","Taijiquan-type routines_Other routines ","Group E","JPN","YANAGIDA Minako",8.37
"641","W","Taijiquan-type routines_Other routines ","Group E","JPN","UEDA Mikiko",8.36
"642","W","Taijiquan-type routines_Other routines ","Group E","JPN","IWAMOTO Tamami",8.35
"643","W","Taijiquan-type routines_Other routines ","Group E","USA","Jennifer WEITZ",8.25
"644","W","Taijiquan-type routines_Other routines ","Group E","GRE","Sofia ZISI",8.13
"645","M","Nanquan-type routines_Cailifoquan (Choy Lay Fut) ","Group A","MAS","TEOH Yik Yang",7.65
"646","M","Nanquan-type routines_Cailifoquan (Choy Lay Fut) ","Group A","MAS","TAN Thye Yih",7.57
"647","M","Nanquan-type routines_Cailifoquan (Choy Lay Fut) ","Group A","MAS","TAN Khai Yeah",7.53
"648","M","Nanquan-type routines_Cailifoquan (Choy Lay Fut) ","Group A","MAS","LIM Bryan Gao Xuan",7.48
"649","M","Nanquan-type routines_Cailifoquan (Choy Lay Fut) ","Group A","MAS","TEOH Brandon Han Yuan",7.33
"650","M","Nanquan-type routines_Cailifoquan (Choy Lay Fut) ","Group A","MAS","LAU Ryan You Jie",7.31
"651","M","Nanquan-type routines_Other routines ","Group A","USA","Frank LI",7.74
"652","M","Nanquan-type routines_Other routines ","Group A","AIN","Artem SHEDKO",7.71
"653","M","Nanquan-type routines_Other routines ","Group A","SGP","TAN Timothy Sung Kai",7.68
"654","M","Nanquan-type routines_Other routines ","Group A","MAC","CHAN Fengze",7.67
"655","M","Nanquan-type routines_Other routines ","Group A","SGP","CHEW Alexander",7.66
"656","M","Nanquan-type routines_Other routines ","Group A","HKG","LAI Ming Yeung Ethan",7.53
"657","M","Nanquan-type routines_Other routines ","Group A","HKG","GONG Xinyu",7.46
"658","M","Nanquan-type routines_Other routines ","Group A","AUS","Yiming Ace LI",7.41
"659","M","Nanquan-type routines_Other routines ","Group A","AUS","Ray Yi HO",7.38
"660","M","Nanquan-type routines_Other routines ","Group A","TJK","Muhammadsaid ABDURASHIDOV",7.31
"661","M","Nanquan-type routines ","Group B","SGP","WENG Linxu",8.66
"662","M","Nanquan-type routines ","Group B","KAZ","Eldar BALABEKOV",8.61
"663","M","Nanquan-type routines ","Group B","HKG","HO Yau Tong Princeton",8.56
"664","M","Nanquan-type routines ","Group B","POL","Adam WARGACKI",8.55
"665","M","Nanquan-type routines ","Group B","USA","Albert LIU",8.53
"666","M","Nanquan-type routines ","Group B","BRA","Leonardo SOARES FONDELLO",8.51
"667","M","Nanquan-type routines ","Group B","MAC","LI Pengcheng",8.5
"668","M","Nanquan-type routines ","Group B","AUS","Austin Dave SANJO",8.49
"669","M","Nanquan-type routines ","Group B","MAS","WONG Yew Shen",8.47
"670","M","Nanquan-type routines ","Group B","USA","Theodore WONG",8.4
"671","M","Nanquan-type routines ","Group B","AUS","Robin Yubin ZHENG",8.36
"672","M","Nanquan-type routines ","Group B","EGY","Mhamed MOUSTAFA",8.12
"673","M","Nanquan-type routines ","Group B","EGY","Karim GEBRIL",8.06
"674","M","Nanquan-type routines ","Group B","AUS","Ray Yuen HO",8.05
"675","M","Nanquan-type routines_Yongchunquan (Wing Chun) ","Group C","HKG","CHEUNG Ching Hei",8.65
"676","M","Nanquan-type routines_Yongchunquan (Wing Chun) ","Group C","ROU","Andrei Eduard MIU",8.61
"677","M","Nanquan-type routines_Yongchunquan (Wing Chun) ","Group C","TJK","Fazliddin KHOJAEV",8.51
"678","M","Nanquan-type routines_Yongchunquan (Wing Chun) ","Group C","EGY","Youssef ISMAIL",8.26
"679","M","Nanquan-type routines_Yongchunquan (Wing Chun) ","Group C","EGY","Mohamed IBRAHIM",8.25
"680","M","Nanquan-type routines_Yongchunquan (Wing Chun) ","Group C","EGY","Fars IBRAHIM",8.22
"681","M","Nanquan-type routines_Cailifoquan (Choy Lay Fut) ","Group C","MAC","WONG Hok Weng",8.67
"682","M","Nanquan-type routines_Cailifoquan (Choy Lay Fut) ","Group C","BRA","Enzo FANTINATI CALAMARI",8.61
"683","M","Nanquan-type routines_Cailifoquan (Choy Lay Fut) ","Group C","BRA","Matheus VALENTE SANCHEZ",8.6
"684","M","Nanquan-type routines_Cailifoquan (Choy Lay Fut) ","Group C","BRA","Felipe CASTILHIONI DE ANDRADE",8.54
"685","M","Nanquan-type routines_Cailifoquan (Choy Lay Fut) ","Group C","POL","Jakub Marcel OLESZCZUK",8.53
"686","M","Nanquan-type routines_Cailifoquan (Choy Lay Fut) ","Group C","USA","Chase WONG",8.47
"687","M","Nanquan-type routines_Hongjiaquan (Hung Gar)","Group C","AIN","Mikhail MINAKOV",8.66
"688","M","Nanquan-type routines_Hongjiaquan (Hung Gar)","Group C","FRA","Lucas HENG",8.61
"689","M","Nanquan-type routines_Hongjiaquan (Hung Gar)","Group C","GRE","Vlasios KINTAKAS",8.58
"690","M","Nanquan-type routines_Hongjiaquan (Hung Gar)","Group C","CZE","Lukas HUSAK",8.57
"691","M","Nanquan-type routines_Hongjiaquan (Hung Gar)","Group C","ITA","Mario Faris BAZZARA",8.56
"692","M","Nanquan-type routines_Hongjiaquan (Hung Gar)","Group C","POL","Mieszko Leszek PRZYGODA",8.5
"693","M","Nanquan-type routines_Hongjiaquan (Hung Gar)","Group C","POR","Miguel SOUSA",8.38
"694","M","Nanquan-type routines_Hongjiaquan (Hung Gar)","Group C","AUS","Enqi GE",8.34
"695","M","Nanquan-type routines_Other routines ","Group C","TUR","Furkan Osman SAYINER",8.69
"696","M","Nanquan-type routines_Other routines ","Group C","ROU","Mihai Daniel DINCU",8.68
"697","M","Nanquan-type routines_Other routines ","Group C","MAC","IP Man Chit",8.65
"698","M","Nanquan-type routines_Other routines ","Group C","LAT","Nikita KOKINS",8.64
"699","M","Nanquan-type routines_Other routines ","Group C","SGP","CHUA Kai Yang Aydan",8.62
"700","M","Nanquan-type routines_Other routines ","Group C","GRE","Dimitrios KOTTAS",8.56
"701","M","Nanquan-type routines_Other routines ","Group C","GRE","Panagiotis TOUROUTSIKAS",8.53
"702","M","Nanquan-type routines_Other routines ","Group C","USA","Sebastian RAMOS CONTRERAS",8.51
"703","M","Nanquan-type routines_Other routines ","Group C","BRA","Kaue Kenji GONCALVES MIYASAKA",8.5
"704","M","Nanquan-type routines_Other routines ","Group C","GRE","Theodoros Marios PAPATHANASIOU",8.48
"705","M","Nanquan-type routines_Other routines ","Group C","HKG","LU Elliot",8.45
"706","M","Nanquan-type routines_Other routines ","Group C","USA","Adam POPP",8.44
"707","M","Nanquan-type routines_Other routines ","Group C","USA","Brandon HORN",8.39
"708","M","Nanquan-type routines_Other routines ","Group C","USA","Atom ELY",8.38
"709","M","Nanquan-type routines_Other routines ","Group C","USA","Ethan CHE",8.28
"710","W","Fourth-type bare-hand routine_Chaquan ","Group B","AIN","Anna PETUKHOVA",8.63
"711","W","Fourth-type bare-hand routine_Chaquan ","Group B","HKG","CHAN Lois Jo",8.61
"712","W","Fourth-type bare-hand routine_Chaquan ","Group B","HKG","NAGY Seleney Simone",8.51
"713","W","Fourth-type bare-hand routine_Chaquan ","Group B","AUS","Larissa Tiffany Yongyan CHOI",8.44
"714","W","Fourth-type bare-hand routine_Chaquan ","Group B","GEO","Barbare GATCHAVA",8.4
"715","W","Fourth-type bare-hand routine_Chaquan ","Group B","USA","Sofia ELCHIEVA",8.37
"716","W","Fourth-type bare-hand routine_Chaquan ","Group B","USA","Ishita KOTRA",8.36
"717","W","Fourth-type bare-hand routine_Chaquan ","Group B","USA","Charlee POT",8.26
"718","W","Fourth-type bare-hand routine_Chaquan ","Group B","USA","Solange COLASSE",8.21
"719","W","Fifth-type bare-hand routines_Shaolinquan ","Group B","ROU","Andrada Maria RADU MIC",8.47
"720","W","Fifth-type bare-hand routines_Shaolinquan ","Group B","AIN","Katsiaryna SHANAIKOVA",8.46
"721","W","Fifth-type bare-hand routines_Shaolinquan ","Group B","GRE","Vasiliki LABOUSI",8.43
"722","W","Fifth-type bare-hand routines_Shaolinquan ","Group B","USA","Emma NG",8.42
"723","W","Fifth-type bare-hand routines_Shaolinquan ","Group B","KAZ","Stanislava BELONOGOVA",8.41
"724","W","Fifth-type bare-hand routines_Shaolinquan ","Group B","POR","Maria NOGUEIRA",8.4
"725","W","Fifth-type bare-hand routines_Shaolinquan ","Group B","MAS","HUE Zi Wei",8.39
"726","W","Fifth-type bare-hand routines_Shaolinquan ","Group B","EGY","Mariam SAKR",8.35
"727","W","Fifth-type bare-hand routines_Shaolinquan ","Group B","USA","Claire TJHIN",8.12
"728","W","Third-type bare-hand routines ","Group B","FRA","Annie SCHUR CHEN",8.62
"729","W","Third-type bare-hand routines ","Group B","CAN","Yanjie LIU",8.58
"730","W","Third-type bare-hand routines ","Group B","LAT","Uljana Anastasija LUKJANENKO",8.46
"731","W","Third-type bare-hand routines ","Group B","USA","Madeline FARR",8.41
"732","W","Third-type bare-hand routines ","Group B","USA","Jordan NGO",8.38
"733","W","Third-type bare-hand routines ","Group B","CAN","Ruolan Alysa ZHANG",8.33
"734","W","Nanquan-type routines ","Group B","AIN","Aleksandra ROSLIAKOVA",8.62
"735","W","Nanquan-type routines ","Group B","USA","Amy GUO",8.58
"736","W","Nanquan-type routines ","Group B","AIN","Sofia PODGORKINA",8.57
"737","W","Nanquan-type routines ","Group B","BRU","Sarah Xue Mae TAN",8.54
"738","W","Nanquan-type routines ","Group B","HKG","TANG Ching Wan",8.53
"739","W","Nanquan-type routines ","Group B","USA","Winifred Zhen Ping LI",8.45
"740","W","Nanquan-type routines ","Group B","MAC","LEONG I Tong",8.44
"741","W","Nanquan-type routines ","Group B","ARG","Julieta Agustina ALABARCE MIRANDA",8.39
"742","W","Nanquan-type routines ","Group B","BRU","Mae Qi LIM",8.38
"743","W","Nanquan-type routines ","Group B","GRE","Despoina MICHOU",8.37
"744","W","Nanquan-type routines ","Group B","ITA","Laila PIOVESAN",8.32
"745","W","bare-hand routines_Other routines ","Group B","USA","Alicia LI",8.51
"746","W","bare-hand routines_Other routines ","Group B","NZL","Alyson Ziming ZHU",8.5
"747","W","bare-hand routines_Other routines ","Group B","NZL","Yihang LI",8.47
"748","W","bare-hand routines_Other routines ","Group B","USA","Adriana ZHU",8.45
"749","W","bare-hand routines_Other routines ","Group B","MAS","CHOK Xin Hui",8.37
"750","W","bare-hand routines_Other routines ","Group B","AUS","Xingyu LI",8.33
"751","W","bare-hand routines_Other routines ","Group B","MAC","LEONG Wai Lam",8.28
"752","W","bare-hand routines_Other routines ","Group B","HUN","árven CSORDáS",8.27
"753","W","bare-hand routines_Other routines ","Group B","USA","Natalie SUDIBYO",8.05
"754","W","bare-hand routines_Other routines ","Group B","CAN","YI Litianzhen",7.93
"755","W","First-type bare-hand routines ","Group C","TUR","Ayse Sude AKYUZ",8.66
"756","W","First-type bare-hand routines ","Group C","EGY","Habiba SANAD",8.54
"757","W","First-type bare-hand routines ","Group C","CAN","Yanxin LIU",8.5
"758","W","First-type bare-hand routines ","Group C","USA","Alaina CHAO",8.49
"759","W","First-type bare-hand routines ","Group C","MEX","Zoe Ximena RAMIREZ CORDOVA",8.46
"760","W","First-type bare-hand routines ","Group C","MEX","Ximena CARRASCO REZA",8.43
"761","W","First-type bare-hand routines ","Group C","USA","Celene JONDROW-QIAN",8.06
"762","W","Third-type bare-hand routines_Yingzhaoquan (Eagle Style) ","Group C","HKG","WONG Sofia",8.54
"763","W","Third-type bare-hand routines_Yingzhaoquan (Eagle Style) ","Group C","AIN","Mariia KALUGINA",8.52
"764","W","Third-type bare-hand routines_Yingzhaoquan (Eagle Style) ","Group C","CAN","Amber Summer Jingjing NG",8.49
"765","W","Third-type bare-hand routines_Yingzhaoquan (Eagle Style) ","Group C","AIN","Sofia KOSHKINA",8.47
"766","W","Third-type bare-hand routines_Yingzhaoquan (Eagle Style) ","Group C","USA","Natalie LEW",8.31
"767","W","Third-type bare-hand routines _Other routines ","Group C","USA","Elaine SUDIBYO",8.45
"768","W","Third-type bare-hand routines _Other routines ","Group C","USA","Jessica JACZYNSKI",8.36
"769","W","Third-type bare-hand routines _Other routines ","Group C","USA","Alayna CHIU",8.31
"770","W","Third-type bare-hand routines _Other routines ","Group C","USA","Ava HARPER",8.3
"771","W","Third-type bare-hand routines _Other routines ","Group C","USA","Arianni SILVA",8.2
"772","W","Third-type bare-hand routines _Other routines ","Group C","GRE","Dimitra TAMPAKI",8.16
"773","M","Taijiquan-type routines_Chen Style ","Group D","GEO","Mate KORTKHONJIA",8.88
"774","M","Taijiquan-type routines_Chen Style ","Group D","HKG","LEE Tin Lok",8.87
"775","M","Taijiquan-type routines_Chen Style ","Group D","MAC","LI Shaoyue",8.82
"776","M","Taijiquan-type routines_Chen Style ","Group D","AIN","Ivan KRASNOBAEV",8.78
"777","M","Taijiquan-type routines_Chen Style ","Group D","IND","Kamal Kumar BORO",8.71
"778","M","Taijiquan-type routines_Chen Style ","Group D","HKG","SAT Pak Long",8.71
"779","M","Taijiquan-type routines_Chen Style ","Group D","AIN","Vasilii KISLITSYN",8.64
"780","M","Taijiquan-type routines_Chen Style ","Group D","AIN","Andrei SOROKIN",8.6
"781","M","Taijiquan-type routines_Chen Style ","Group D","ITA","Gianluigi BISONI",8.6
"782","M","Taijiquan-type routines_Chen Style ","Group D","USA","Kyle WONG",8.59
"783","M","Taijiquan-type routines_Chen Style ","Group D","SGP","LOW Julian",8.52
"784","M","Taijiquan-type routines_Chen Style ","Group D","MEX","Alan Agustin MARTINEZ GARCIA",8.45
"785","M","Taijiquan-type routines_Chen Style ","Group D","SVK","Martin MALy",8.44
"786","M","Taijiquan-type routines_Chen Style ","Group D","NZL","Jichuan LI",8.38
"787","M","Taijiquan-type routines_42-posture Taijiquan ","Group D","MAC","ZHANG Pok Yui",8.84
"788","M","Taijiquan-type routines_42-posture Taijiquan ","Group D","HKG","LEUNG Yat Sing",8.76
"789","M","Taijiquan-type routines_42-posture Taijiquan ","Group D","JPN","MA Ning",8.71
"790","M","Taijiquan-type routines_42-posture Taijiquan ","Group D","HKG","WU Guanxi",8.7
"791","M","Taijiquan-type routines_42-posture Taijiquan ","Group D","IND","Kunal SHARMA",7.93
"792","M","Taijiquan-type routines_Other routines ","Group D","MAC","HAN Soi Wa",8.81
"793","M","Taijiquan-type routines_Other routines ","Group D","HKG","KWONG Long Yui",8.8
"794","M","Taijiquan-type routines_Other routines ","Group D","INA","Erick Citra LOEIS",8.78
"795","M","Taijiquan-type routines_Other routines ","Group D","SGP","SNG Wei Liang Davion",8.7
"796","M","Taijiquan-type routines_Other routines ","Group D","EGY","Basel ABDALLA",8.62
"797","M","Taijiquan-type routines_Other routines ","Group D","ESP","Mario SIMóN GARCíA",8.48
"798","W","Taijiquan-type routines_Chen Style ","Group D","AIN","Anastasiia KADENOVA",9.03
"799","W","Taijiquan-type routines_Chen Style ","Group D","MAC","KUOK Wai Meng",8.83
"800","W","Taijiquan-type routines_Chen Style ","Group D","UKR","Mariia KOLISNYK",8.82
"801","W","Taijiquan-type routines_Chen Style ","Group D","AIN","Alena KONEVA",8.74
"802","W","Taijiquan-type routines_Chen Style ","Group D","SGP","TAY Kai Xin Ranice",8.74
"803","W","Taijiquan-type routines_Chen Style ","Group D","GEO","Nino CHIKHLADZE",8.72
"804","W","Taijiquan-type routines_Chen Style ","Group D","NED","Lisa Charmaine Maria MURESU",8.71
"805","W","Taijiquan-type routines_Chen Style ","Group D","AIN","Elizaveta SMIRNOVA",8.65
"806","W","Taijiquan-type routines_Chen Style ","Group D","GBR","Myrsini Chionia CHRISTODOULELLI",8.61
"807","W","Taijiquan-type routines_Chen Style ","Group D","CAN","Susanna NG",8.59
"808","W","Taijiquan-type routines_Chen Style ","Group D","GEO","Niia CHKHAIDZE",8.5
"809","W","Taijiquan-type routines_Chen Style ","Group D","FRA","Nina NGUYEN",8.42
"810","W","Taijiquan-type routines_Chen Style ","Group D","CAN","Elaine Yen Heng KUO",8.41
"811","W","Taijiquan-type routines_Chen Style ","Group D","AUS","Bethany Kay ENDACOTT",8.4
"812","W","Taijiquan-type routines_Yang Style ","Group D","HKG","YEUNG Debbie",8.85
"813","W","Taijiquan-type routines_Yang Style ","Group D","AIN","Anastasiia DEEVA",8.77
"814","W","Taijiquan-type routines_Yang Style ","Group D","MAC","HUNG Si Fan",8.75
"815","W","Taijiquan-type routines_Yang Style ","Group D","POL","Anna Maria KUBIAK",8.66
"816","W","Taijiquan-type routines_Yang Style ","Group D","ROU","Denisa Ruxandra ANASTASIU",8.65
"817","W","Taijiquan-type routines_Yang Style ","Group D","ITA","Denise PASQUAVAGLIO",8.57
"818","W","Taijiquan-type routines_Yang Style ","Group D","FRA","Soimanga ANDRIAMANANTSOA",8.54
"819","W","Taijiquan-type routines_Yang Style ","Group D","ESP","Alba NInO GONZALEZ",8.52
"820","W","Taijiquan-type routines_Yang Style ","Group D","IND","Kriti",8.39
"821","W","Taijiquan-type routines_Other routines ","Group D","HKG","AU-YEUNG Pui Yue",8.85
"822","W","Taijiquan-type routines_Other routines ","Group D","HKG","NGAN Ka Wing",8.8
"823","W","Taijiquan-type routines_Other routines ","Group D","TUR","Ecrin COKHAMUR",8.76
"824","W","Taijiquan-type routines_Other routines ","Group D","BRU","Guat Lian ANG",8.69
"825","W","Taijiquan-type routines_Other routines ","Group D","SGP","TAN Wei Qing Regina",8.63
"826","W","Taijiquan-type routines_Other routines ","Group D","NZL","Sixia GENG",8.61
"827","W","Taijiquan-type routines_Other routines ","Group D","BRA","Katemann Akemi VALENTIM UEMOTO",8.59
"828","W","Taijiquan-type routines_Other routines ","Group D","FRA","Flora POINT",8.55
"829","W","Fourth-type bare-hand routine_Huaquan ","Group D","CHN","CHEN Yu",9.15
"830","W","Fourth-type bare-hand routine_Huaquan ","Group D","CHN","LV Jiawen",9.05
"831","W","Fourth-type bare-hand routine_Huaquan ","Group D","HKG","WONG Man Ting",8.78
"832","W","Fourth-type bare-hand routine_Huaquan ","Group D","SGP","TEO Jing Yin Venus",8.66
"833","W","Fourth-type bare-hand routine_Huaquan ","Group D","IND","Bala Harshini DINESH KUMAR",8.52
"834","W","bare-hand routines_Other routines ","Group D","CHN","LIU Jinxia",9.13
"835","W","bare-hand routines_Other routines ","Group D","AIN","Anna LEONOVA",9.08
"836","W","bare-hand routines_Other routines ","Group D","CHN","WANG Ben",9.07
"837","W","bare-hand routines_Other routines ","Group D","GER","Anna Paulina JANSEN",8.77
"838","W","bare-hand routines_Other routines ","Group D","MAS","CHOONG Hui Ying",8.76
"839","W","bare-hand routines_Other routines ","Group D","GRE","Elena XIROGIANNI",8.75
"840","W","bare-hand routines_Other routines ","Group D","BRA","Pamela RAMAZZOTTI GOMES",8.66
"841","W","bare-hand routines_Other routines ","Group D","RSA","Nerine DU PLESSIS",8.63
"842","W","bare-hand routines_Other routines ","Group D","BEL","DOEHAERD Yuna",8.62
"843","W","bare-hand routines_Other routines ","Group D","GRE","Polyxeni GEORGOPAPADAKOU",8.61
"844","W","bare-hand routines_Other routines ","Group D","KGZ","Aisalkyn TASHMATOVA",8.59
"845","W","bare-hand routines_Other routines ","Group D","NED","Nicole Amely Mikhailovna USACHEV",8.53
"846","W","bare-hand routines_Other routines ","Group D","ROU","Cezara GORAN",8.52
"847","W","bare-hand routines_Other routines ","Group D","NED","Kira Alana Phaedra ORMSKERK",8.51
"848","W","bare-hand routines_Other routines ","Group D","USA","Alexa CUEVAS",8.45
"849","W","bare-hand routines_Other routines ","Group D","CAN","Stephanie BRAITHWAITE",8.42
"850","W","Nanquan-type routines_Hongjiaquan (Hung Gar)","Group D","AIN","Evgenia PAVLOVA",8.9
"851","W","Nanquan-type routines_Hongjiaquan (Hung Gar)","Group D","AIN","Ekaterina DONETS",8.83
"852","W","Nanquan-type routines_Hongjiaquan (Hung Gar)","Group D","SGP","LOW Elicia Qiu Min",8.76
"853","W","Nanquan-type routines_Hongjiaquan (Hung Gar)","Group D","IND","Purnima LINDA",8.64
"854","W","Nanquan-type routines_Hongjiaquan (Hung Gar)","Group D","ITA","Marta BORROMEO",8.63
"855","W","Nanquan-type routines_Hongjiaquan (Hung Gar)","Group D","POL","Emilia Marta RYCHLEWSKA",8.59
"856","W","Nanquan-type routines_Hongjiaquan (Hung Gar)","Group D","ITA","Nadia LO SAPIO",8.5
"857","W","Nanquan-type routines_Hongjiaquan (Hung Gar)","Group D","AUS","Mai Lee THAO",8.4
"858","W","Nanquan-type routines_Other routines ","Group D","CHN","HUANG Songyuan",9.17
"859","W","Nanquan-type routines_Other routines ","Group D","HKG","HE Jianxin",9.03
"860","W","Nanquan-type routines_Other routines ","Group D","HKG","LAU Po Yan",8.93
"861","W","Nanquan-type routines_Other routines ","Group D","IND","Rezina TAMANG",8.83
"862","W","Nanquan-type routines_Other routines ","Group D","MAC","PO Hio Lam",8.82
"863","W","Nanquan-type routines_Other routines ","Group D","UKR","Lidiia SOBOL",8.76
"864","W","Nanquan-type routines_Other routines ","Group D","ROU","Mara Georgia Alina OBEANU",8.73
"865","W","Nanquan-type routines_Other routines ","Group D","ITA","Elisabetta SIRTO",8.7
"866","W","Nanquan-type routines_Other routines ","Group D","UKR","Svitlana ZAVIALOVA",8.65
"867","W","Nanquan-type routines_Other routines ","Group D","USA","Luna FRANCO",8.64
"868","W","Nanquan-type routines_Other routines ","Group D","BRA","Ana Paula MANENTE COTTET",8.63
"869","W","Nanquan-type routines_Other routines ","Group D","GRE","Chloi VARELIDI",8.62
"870","W","Nanquan-type routines_Other routines ","Group D","POL","Wiktoria Klaudia DeBOSZ",8.6
"871","W","Nanquan-type routines_Other routines ","Group D","POL","Magda Krystyna SKIBA",8.57
"872","W","Nanquan-type routines_Other routines ","Group D","HKG","CHEUNG Ophil",8.56
"873","W","Nanquan-type routines_Other routines ","Group D","IND","Rushi KUMARI",8.5
"874","W","Nanquan-type routines_Other routines ","Group D","TJK","Mutabarkhon KARIMOVA",8.43
"875","W","Nanquan-type routines_Other routines ","Group D","ARG","Erika Judith RANDAZZO",8.39
"876","W","Nanquan-type routines_Other routines ","Group D","AUS","Nola PHUONG",8.31
"877","W","Nanquan-type routines_Other routines ","Group D","MAS","LING Hellen Mee Ee",8.05
"878","W","24-type Taijiquan ","Group F","NZL","Teck Lan TAN",8.68
"879","W","24-type Taijiquan ","Group F","JPN","KANEKO Katsuko",8.58
"880","W","24-type Taijiquan ","Group F","NZL","Qinghui ZHANG",8.55
"881","W","24-type Taijiquan ","Group F","JPN","AZUMA Masako",8.51
"882","W","24-type Taijiquan ","Group F","JPN","HIRATA Shizuko",8.38
"883","W","24-type Taijiquan ","Group F","JPN","YAMAGUCHI Takako",8.37
"884","W","24-type Taijiquan ","Group F","JPN","JUNNISHI Junko",8.33
"885","W","24-type Taijiquan ","Group F","JPN","SHIGEMITSU Yukiko",8.26
"886","W","Taijiquan-type routines_42-posture Taijiquan ","Group F","MAC","CHEONG Lao Leng",8.64
"887","W","Taijiquan-type routines_42-posture Taijiquan ","Group F","GBR","WATANABE Yoko",8.61
"888","W","Taijiquan-type routines_42-posture Taijiquan ","Group F","KGZ","Tatiana PAK",8.56
"889","W","Taijiquan-type routines_42-posture Taijiquan ","Group F","JPN","FAN Hong",8.52
"890","W","Taijiquan-type routines_42-posture Taijiquan ","Group F","CAN","Maggie Mei Kwai CHEUNG",8.5
"891","W","Taijiquan-type routines_42-posture Taijiquan ","Group F","AUS","Mimi Therese Phun",8.37
"892","W","Taijiquan-type routines_Yang Style ","Group F","HKG","CHONG Poh Lin",8.73
"893","W","Taijiquan-type routines_Yang Style ","Group F","CAN","Eva Qiuzi FANG",8.65
"894","W","Taijiquan-type routines_Yang Style ","Group F","MAC","HO Lai Sim",8.55
"895","W","Taijiquan-type routines_Yang Style ","Group F","HKG","LEUNG Yuen Nga Barbara",8.53
"896","W","Taijiquan-type routines_Yang Style ","Group F","HKG","MA Man Wai Lucia",8.52
"897","W","Taijiquan-type routines_Yang Style ","Group F","AUS","Yunian WU",8.49
"898","W","Taijiquan-type routines_Yang Style ","Group F","HKG","LIU Oi Lin Irene",8.48
"899","W","Taijiquan-type routines_Yang Style ","Group F","AUS","Thuc Khanh LU",8.43
"900","W","Taijiquan-type routines_Yang Style ","Group F","MEX","Silvia ARELLANO RODRIGUEZ",8.42
"901","W","Taijiquan-type routines_Yang Style ","Group F","HKG","LEUNG Fung Ha",8.41
"902","W","Taijiquan-type routines_Yang Style ","Group F","HKG","LAU Yun Lam Alice",8.4
"903","W","Taijiquan-type routines_Yang Style ","Group F","MEX","Rosa Manuela ARRIAGA ORIHUELA",8.39
"904","W","Taijiquan-type routines_Yang Style ","Group F","HKG","CHAN Sau Lan Cecilia",8.38
"905","W","Taijiquan-type routines_Yang Style ","Group F","NZL","Yuet Ying LAU",8.36
"906","W","Taijiquan-type routines_Yang Style ","Group F","HKG","WONG Yim Chong Esther",8.35
"907","W","Taijiquan-type routines_Yang Style ","Group F","USA","Sally MAHONEY",8.34
"908","W","Taijiquan-type routines_Yang Style ","Group F","AUS","Shuet Yee SIN",8.28
"909","W","Taijiquan-type routines_Yang Style ","Group F","HKG","HUEN Siu Kuen",8.25
"910","W","Taijiquan-type routines_Yang Style ","Group F","AUS","Leonny Johanna PRIEST",8.24
"911","W","Taijiquan-type routines_Yang Style ","Group F","ARG","Cristina ROSALES",7.89
"912","W","Taijiquan-type routines_Other Taijiquan ","Group F","NED","Sabine Ariel Siao San SMEETS-GO",8.62
"913","W","Taijiquan-type routines_Other Taijiquan ","Group F","ITA","Jianzhen GE",8.58
"914","W","Taijiquan-type routines_Other Taijiquan ","Group F","JPN","UKAI Yoko",8.5
"915","W","Taijiquan-type routines_Other Taijiquan ","Group F","CAN","Wendy Suen Chung FUNG",8.46
"916","W","Taijiquan-type routines_Other Taijiquan ","Group F","JPN","YANASE Kimiko",8.44
"917","W","Taijiquan-type routines_Other Taijiquan ","Group F","JPN","WATANABE Takako",8.35
"918","W","Taijiquan-type routines_Other Taijiquan ","Group F","JPN","SHIMIZU Michiko",8.33
"919","W","Taijiquan-type routines_Other Taijiquan ","Group F","USA","Kristen FANG",8.31
"920","W","Taijiquan-type routines_Other Taijiquan ","Group F","CAN","Brenda Bing Wan LEE",8.25
"921","M","Single-weapon routines_Dao (Broadsword) ","Group E","POL","Sebastian Krzysztof OLESZCZUK",8.66
"922","M","Single-weapon routines_Dao (Broadsword) ","Group E","HUN","Géza Zoltán SIMON",8.61
"923","M","Single-weapon routines_Dao (Broadsword) ","Group E","POR","Daniel DAVID",8.59
"924","M","Single-weapon routines_Dao (Broadsword) ","Group E","USA","Jason BUCKWALTER",8.54
"925","M","Single-weapon routines_Dao (Broadsword) ","Group E","POR","António INáCIO",8.52
"926","M","Single-weapon routines_Dao (Broadsword) ","Group E","AUS","Michael Zhen YU",8.5
"927","M","Single-weapon routines_Dao (Broadsword) ","Group E","ARG","Carlos Alberto PUEBLA",8.41
"928","M","Single-weapon routines_Dao (Broadsword) ","Group E","ARG","Jacobo Enrique AVILES PALACIOS",8.4
"929","M","Single-weapon routines_Dao (Broadsword) ","Group E","BUL","Dimitar MIHAYLOV",8.32
"930","M","Single-weapon routines_Dao (Broadsword) ","Group E","USA","Christopher HOFFMAN",7.95
"931","M","Single-weapon routines_Jian (Straight Sword) ","Group E","FRA","Yun - Yaw CHU",8.91
"932","M","Single-weapon routines_Jian (Straight Sword) ","Group E","SVK","Michal SLAMKA",8.85
"933","M","Single-weapon routines_Jian (Straight Sword) ","Group E","JPN","IWAMOTO Junya",8.75
"934","M","Single-weapon routines_Jian (Straight Sword) ","Group E","GBR","Jonathan Wai Kit LAM",8.73
"935","M","Single-weapon routines_Jian (Straight Sword) ","Group E","USA","Mario SALAZAR",8.72
"936","M","Single-weapon routines_Jian (Straight Sword) ","Group E","USA","Gerard SILVA",8.68
"937","M","Single-weapon routines_Jian (Straight Sword) ","Group E","HUN","Ferenc DARAB",8.52
"938","M","Single-weapon routines_Jian (Straight Sword) ","Group E","AUS","Brian HONG",8.37
"939","M","Single-weapon routines_Jian (Straight Sword) ","Group E","FRA","Marc - Aurèle DARCHE",8.36
"940","M","Single-weapon routines_Gun (Cudgel/Staff)","Group E","FRA","Kévin HENG",8.78
"941","M","Single-weapon routines_Gun (Cudgel/Staff)","Group E","BRA","Italo Jorge OLIVEIRA SANTOS",8.58
"942","M","Single-weapon routines_Gun (Cudgel/Staff)","Group E","USA","Mario ALVAREZ BERNAL",8.53
"943","M","Single-weapon routines_Gun (Cudgel/Staff)","Group E","AUS","John Arthur CALLAGHAN",8.51
"944","M","Single-weapon routines_Gun (Cudgel/Staff)","Group E","POL","Grzegorz RYCHLEWSKI",8.45
"945","M","Single-weapon routines_Gun (Cudgel/Staff)","Group E","USA","Wayne BREWER",8.1
"946","M","Single-weapon routines_Qiang (Spear) ","Group E","MAS","TAN Ching Fung",8.8
"947","M","Single-weapon routines_Qiang (Spear) ","Group E","SGP","ANG Royce Boon Seng",8.78
"948","M","Single-weapon routines_Qiang (Spear) ","Group E","BRA","Marco APARECIDO MARTIM JUNIOR",8.7
"949","M","Single-weapon routines_Qiang (Spear) ","Group E","FRA","Benoist DELEXTRAT",8.63
"950","M","Single-weapon routines_Qiang (Spear) ","Group E","POL","Konrad MAsNICKI",8.56
"951","M","Single-weapon routines_Qiang (Spear) ","Group E","POL","Marek Antoni USZKUR",8.5
"952","M","Single-weapon routines_Qiang (Spear) ","Group E","BEL","Moubarak DAOUDI",8.46
"953","M","Single-weapon routines_Guandao /Pudao ","Group E","POR","Sérgio ALMEIDA",8.69
"954","M","Single-weapon routines_Guandao /Pudao ","Group E","USA","Sebastian RAMOS CONTRERAS",8.66
"955","M","Single-weapon routines_Guandao /Pudao ","Group E","MEX","Daniel Benjamin CORONA AGUILAR",8.5
"956","M","Single-weapon routines_Guandao /Pudao ","Group E","ARG","Sergio Fabian ESPECHE",8.44
"957","M","Single-weapon routines_Guandao /Pudao ","Group E","MAS","SIM Sze Kiat",8.4
"958","M","Single-weapon routines_Guandao /Pudao ","Group E","USA","Matthew WHITAKER HOPWOOD",8.3
"959","M","Flexible/Soft-weapon routines_Other routines ","Group E","ESP","Jose Luis MORALES GARCIA",8.82
"960","M","Flexible/Soft-weapon routines_Other routines ","Group E","POR","Alexander PONZO",8.6
"961","M","Flexible/Soft-weapon routines_Other routines ","Group E","FRA","Alexandre PATUREL",8.5
"962","M","Flexible/Soft-weapon routines_Other routines ","Group E","BEL","Johan CONTI",8.49
"963","W","Single-weapon routines_Jian (Straight Sword) ","Group E","FRA","Thanh INGLE LAI THI",8.59
"964","W","Single-weapon routines_Jian (Straight Sword) ","Group E","AUS","Angela Jia Li MAK",8.56
"965","W","Single-weapon routines_Jian (Straight Sword) ","Group E","KGZ","Natalia NESHCHERET",8.5
"966","W","Single-weapon routines_Jian (Straight Sword) ","Group E","USA","Lin GAO",8.41
"967","W","Single-weapon routines_Jian (Straight Sword) ","Group E","HUN","Linda GYURCSó-DEáK",8.4
"968","W","Single-weapon routines_Jian (Straight Sword) ","Group E","BRA","Renata Cristina LIU",8.34
"969","W","Single-weapon routines_Jian (Straight Sword) ","Group E","GRE","Maria KONSTANTINOU",8.3
"970","W","Single-weapon routines_Jian (Straight Sword) ","Group E","AUS","Yu Zhang DONG FANG",8.2
"971","W","Single-weapon routines_Other routines ","Group E","CHN","HUANG Yi",9.09
"972","W","Single-weapon routines_Other routines ","Group E","HUN","Szilvia GARAMI",8.59
"973","W","Single-weapon routines_Other routines ","Group E","NED","Marielle Brigitte SANCHEZ VAN GINKEL",8.55
"974","W","Single-weapon routines_Other routines ","Group E","GRE","Anna KOKKINAKI",8.52
"975","W","Single-weapon routines_Other routines ","Group E","GBR","Michele Maki NAKASONE",8.49
"976","W","Single-weapon routines_Other routines ","Group E","GRE","Eleftheria PANAGOPOULOU",8.48
"977","W","Single-weapon routines_Other routines ","Group E","USA","Jessica AMISIAL",8.39
"978","W","Single-weapon routines_Other routines ","Group E","AUS","Rosemary HERMANS",8.38
"979","W","Single-weapon routines_Other routines ","Group E","JPN","UEDA Mikiko",8.34
"980","W","Single-weapon routines_Other routines ","Group E","ARG","Ana Maria BARROS",8.3
"981","W","Double-weapon routines ","Group E","POL","Beata ENGEL",8.56
"982","W","Double-weapon routines ","Group E","KAZ","Gaini KYPSHAKBAY",8.51
"983","W","Double-weapon routines ","Group E","POR","Irene CANDEIAS",8.49
"984","W","Double-weapon routines ","Group E","CAN","Teo Jingting Ruth Tiffiny YANG",8.37
"985","W","Double-weapon routines ","Group E","MEX","Margot MARTINEZ SOLIS",8.32
"986","W","Single-weapon routines_Dao (Broadsword) ","Group D","AIN","Anna LEONOVA",9
"987","W","Single-weapon routines_Dao (Broadsword) ","Group D","ITA","Maria FAJRI",8.82
"988","W","Single-weapon routines_Dao (Broadsword) ","Group D","GER","Anna Paulina JANSEN",8.81
"989","W","Single-weapon routines_Dao (Broadsword) ","Group D","ITA","Lara MARRA",8.73
"990","W","Single-weapon routines_Dao (Broadsword) ","Group D","ITA","Giulia BASSI",8.72
"991","W","Single-weapon routines_Dao (Broadsword) ","Group D","GRE","Chloi VARELIDI",8.68
"992","W","Single-weapon routines_Dao (Broadsword) ","Group D","GRE","Polyxeni GEORGOPAPADAKOU",8.67
"993","W","Single-weapon routines_Dao (Broadsword) ","Group D","KGZ","Eles KOKUMBEK KYZY",8.65
"994","W","Single-weapon routines_Dao (Broadsword) ","Group D","SGP","TEO Jing Yin Venus",8.63
"995","W","Single-weapon routines_Dao (Broadsword) ","Group D","GRE","Elena XIROGIANNI",8.61
"996","W","Single-weapon routines_Dao (Broadsword) ","Group D","GBR","Amanda Geraldine D'ARCY",8.5
"997","W","Single-weapon routines_Dao (Broadsword) ","Group D","MEX","Liliana TREJO ROMAN",8.46
"998","W","Single-weapon routines_Dao (Broadsword) ","Group D","TJK","Mutabarkhon KARIMOVA",8.43
"999","W","Single-weapon routines_Dao (Broadsword) ","Group D","TJK","Eleonora FAIZOVA",8.39
"1000","W","Single-weapon routines_Pudao/Guandao (Kwan Dao)","Group D","SGP","TAN Wei Qing Regina",8.81
"1001","W","Single-weapon routines_Pudao/Guandao (Kwan Dao)","Group D","RSA","Nerine DU PLESSIS",8.67
"1002","W","Single-weapon routines_Pudao/Guandao (Kwan Dao)","Group D","POL","Wiktoria Klaudia DeBOSZ",8.62
"1003","W","Single-weapon routines_Pudao/Guandao (Kwan Dao)","Group D","GRE","Elena KOKOLESI",8.6
"1004","W","Single-weapon routines_Pudao/Guandao (Kwan Dao)","Group D","ITA","Elisa BRAMBILLA",8.59
"1005","W","Single-weapon routines_Pudao/Guandao (Kwan Dao)","Group D","BRA","Regina Helena ALENCAR RIBEIRO",8.56
"1006","W","Single-weapon routines_Pudao/Guandao (Kwan Dao)","Group D","AUT","Fu Yao Zi WANG",8.5
"1007","W","Single-weapon routines_Pudao/Guandao (Kwan Dao)","Group D","POR","Beatriz OLIVEIRA",8.47
"1008","W","Fourth-type bare-hand routine_Chaquan ","Group C","HKG","HUANG Susie",8.66
"1009","W","Fourth-type bare-hand routine_Chaquan ","Group C","GEO","Mariam ARZIANI",8.64
"1010","W","Fourth-type bare-hand routine_Chaquan ","Group C","TUR","Ayse Sina COSKUN",8.6
"1011","W","Fourth-type bare-hand routine_Chaquan ","Group C","GEO","Sopiko APKHAZAVA",8.54
"1012","W","Fourth-type bare-hand routine_Chaquan ","Group C","HKG","LEE Hiu Ching",8.52
"1013","W","Fourth-type bare-hand routine_Chaquan ","Group C","GEO","Gvantsa KARCHAVA",8.51
"1014","W","Fourth-type bare-hand routine_Chaquan ","Group C","LAT","Anastasija VLASENKO",8.5
"1015","W","Fourth-type bare-hand routine_Chaquan ","Group C","ROU","Gabriela VLADAREANU",8.37
"1016","W","Fourth-type bare-hand routine_Chaquan ","Group C","NZL","Leyu CAO",8.31
"1017","W","Fourth-type bare-hand routine_Chaquan ","Group C","USA","Sofia CHERKASOVA",8.22
"1018","W","Fourth-type bare-hand routine_Chaquan ","Group C","USA","Amanda LEE",8.2
"1019","W","Fourth-type bare-hand routine_Chaquan ","Group C","USA","Emily CHAN",8.18
"1020","W","Fourth-type bare-hand routine_Chaquan ","Group C","ROU","Maria Alexandra TRUTA",8.17
"1021","W","Fifth-type bare-hand routines_Shaolinquan ","Group C","TUR","Sude Merve ALTUN",8.61
"1022","W","Fifth-type bare-hand routines_Shaolinquan ","Group C","GRE","Melina SPYRIDOU",8.56
"1023","W","Fifth-type bare-hand routines_Shaolinquan ","Group C","AIN","Zlata SHMAKOVA",8.54
"1024","W","Fifth-type bare-hand routines_Shaolinquan ","Group C","ITA","Sarah RAGNO",8.53
"1025","W","Fifth-type bare-hand routines_Shaolinquan ","Group C","TUN","Sghaier ELA",8.45
"1026","W","Fifth-type bare-hand routines_Shaolinquan ","Group C","CZE","Helena RIHACKOVA",8.44
"1027","W","Fifth-type bare-hand routines_Shaolinquan ","Group C","GBR","Chiara EZAD PANAH",8.39
"1028","W","Fifth-type bare-hand routines_Shaolinquan ","Group C","ITA","Elena SHIIHASHI",8.36
"1029","W","Fifth-type bare-hand routines_Shaolinquan ","Group C","GRE","Eleni Anna GEORGA",8.34
"1030","W","Fifth-type bare-hand routines_Shaolinquan ","Group C","GRE","Danai Paraskevi SAMARTZI",8.31
"1031","W","Fifth-type bare-hand routines_Shaolinquan ","Group C","CZE","Anezka JAGOSOVA",8.24
"1032","W","Fifth-type bare-hand routines_Shaolinquan ","Group C","ITA","Myriam ZOLLO",8.05
"1033","W","Nanquan-type routines ","Group C","HKG","CHAN Hoi Ching",8.6
"1034","W","Nanquan-type routines ","Group C","AIN","Darina MAZURAK",8.56
"1035","W","Nanquan-type routines ","Group C","AIN","Aleksandra IVAKINA",8.52
"1036","W","Nanquan-type routines ","Group C","MAS","WONG Chloe Ryan",8.51
"1037","W","Nanquan-type routines ","Group C","HKG","FUNG Faye",8.37
"1038","W","Nanquan-type routines ","Group C","POL","Natalia Maria ZARóD",8.33
"1039","W","Nanquan-type routines ","Group C","IND","Luhenbi MAIBAM",8.33
"1040","W","bare-hand routines_Other routines ","Group C","TUR","Afra KILINC",8.65
"1041","W","bare-hand routines_Other routines ","Group C","HKG","LO Tsz Ki Debby",8.55
"1042","W","bare-hand routines_Other routines ","Group C","LAT","Zlata TVOROGOVA",8.52
"1043","W","bare-hand routines_Other routines ","Group C","INA","Latifa Farannisa AGIL",8.46
"1044","W","bare-hand routines_Other routines ","Group C","SVK","Diana CELEdOVá",8.4
"1045","W","bare-hand routines_Other routines ","Group C","GRE","Maria DOUDONI",8.34
"1046","W","bare-hand routines_Other routines ","Group C","GRE","Myrto TSIALTA",8.31
"1047","W","bare-hand routines_Other routines ","Group C","MAS","LEE Xuen Ern",8.3
"1048","W","bare-hand routines_Other routines ","Group C","GRE","Spyridoula DOUDOUNI",8.29
"1049","W","bare-hand routines_Other routines ","Group C","KGZ","Saadat KASYMALIEVA",8.26
"1050","W","bare-hand routines_Other routines ","Group C","HUN","Zoé Panna NéMETH",8.25
"1051","W","bare-hand routines_Other routines ","Group C","AUS","Angelique LI",8.14
"1052","W","bare-hand routines_Other routines ","Group C","GRE","Elpida TRIGONI",8.01
"1053","W","Taijiquan-type routines_42-posture Taijiquan ","Group C","HKG","CHAN Tsz Sa",8.62
"1054","W","Taijiquan-type routines_42-posture Taijiquan ","Group C","HKG","CHUNG Cheuk Yin",8.56
"1055","W","Taijiquan-type routines_42-posture Taijiquan ","Group C","MAC","LOK Mai Cheng",8.53
"1056","W","Taijiquan-type routines_42-posture Taijiquan ","Group C","POL","Vanessa Weronika PARADIUK",8.52
"1057","W","Taijiquan-type routines_42-posture Taijiquan ","Group C","NZL","Yusu ZHANG",8.36
"1058","W","Taijiquan-type routines_42-posture Taijiquan ","Group C","KGZ","Elina ISAKOVA",8.34
"1059","W","Taijiquan-type routines_Other Taijiquan ","Group C","USA","Emma HUANG",8.64
"1060","W","Taijiquan-type routines_Other Taijiquan ","Group C","HKG","LIU Hoi Man",8.54
"1061","W","Taijiquan-type routines_Other Taijiquan ","Group C","AIN","Kira MOKHOVA",8.49
"1062","W","Taijiquan-type routines_Other Taijiquan ","Group C","USA","Samantha LU",8.46
"1063","W","Taijiquan-type routines_Other Taijiquan ","Group C","TUN","Manai ZEINEB",8.39
"1064","W","Taijiquan-type routines_Other Taijiquan ","Group C","ROU","Lorena Larisa GHIDUT",8.37
"1065","W","Taijiquan-type routines_Other Taijiquan ","Group C","KAZ","Aiymzhan KUZEMBAY",8.33
"1066","W","Taijiquan-type routines_Other Taijiquan ","Group C","ROU","Oana Vasilica BELEAN",8.2
"1067","W","Taijiquan-type routines_Other routines ","Group A","USA","Ellie SUN",7.46
"1068","W","Taijiquan-type routines_Other routines ","Group A","NZL","Tanya Tianran YANG",7.43
"1069","W","Taijiquan-type routines_Other routines ","Group A","AUS","Belinda Xinghui LI",7.16
"1070","W","Taijiquan-type routines_Other routines ","Group B","MAS","TAN Jaslyn Yu Ching",8.61
"1071","W","Taijiquan-type routines_Other routines ","Group B","CAN","Ching Lam Katelyn CHOY",8.57
"1072","W","Taijiquan-type routines_Other routines ","Group B","NZL","Annie HARRIS",8.45
"1073","W","Taijiquan-type routines_Other routines ","Group B","HKG","LYU Xinyi Evelyn",8.4
"1074","W","Taijiquan-type routines_Other routines ","Group B","CAN","LI Wanglan",8.39
"1075","W","Taijiquan-type routines_Other routines ","Group B","ROU","Sofia Maria ILIE",8.32
"1076","W","Taijiquan-type routines_Other routines ","Group B","ROU","Alexandra Jasmine TECI",8.24
"1077","W","Taijiquan-type routines_Other routines ","Group B","USA","Seyed Dana KEYHANI ZEYABERI",7.85
"1078","W","Taijiquan-type routines_42-posture Taijiquan ","Group B","HKG","LIN Sophie Isabella",8.62
"1079","W","Taijiquan-type routines_42-posture Taijiquan ","Group B","BRU","Meagan Marie KEASBERRY",8.5
"1080","W","Taijiquan-type routines_42-posture Taijiquan ","Group B","HKG","LU Xinqi Kiki",8.49
"1081","W","Taijiquan-type routines_42-posture Taijiquan ","Group B","NZL","Amberbi WANG",8.48
"1082","W","Taijiquan-type routines_42-posture Taijiquan ","Group B","HKG","ZHANG Yuanjia",8.45
"1083","W","Taijiquan-type routines_42-posture Taijiquan ","Group B","NZL","Ziyan ZHOU",8.44
"1084","W","Taijiquan-type routines_42-posture Taijiquan ","Group B","BRU","Lauren Emily CHUA",8.41
"1085","W","Taijiquan-type routines_42-posture Taijiquan ","Group B","CAN","Shiwen LI",8.4
"1086","W","Taijiquan-type routines_42-posture Taijiquan ","Group B","BRU","Natalie Xin Ying ONG",8.39
"1087","W","Taijiquan-type routines_42-posture Taijiquan ","Group B","IND","Aradhya _",8.06
"1088","W","Taijiquan-type routines_42-posture Taijiquan ","Group B","UKR","Kristina CHUKANOVA",8.01
"1089","M","Taijiquan-type routines_Other routines ","Group A","CAN","Yiyuan Jonathan ZHANG",7.53
"1090","M","Taijiquan-type routines_Other routines ","Group A","CAN","Jinrong Jayden ZHANG",7.49
"1091","M","Taijiquan-type routines_Other routines ","Group A","BRU","Samuel Yong Jun ONG",7.4
"1092","M","Taijiquan-type routines_Other routines ","Group B","CAN","Junchen YANG",8.54
"1093","M","Taijiquan-type routines_Other routines ","Group B","HKG","WONG Yu Chit",8.5
"1094","M","Taijiquan-type routines_Other routines ","Group B","NZL","Oliver QIAO",8.4
"1095","M","Taijiquan-type routines_Other routines ","Group B","FRA","Félicien Zhi - Yi DU",8.31
"1096","M","Taijiquan-type routines_Other routines ","Group B","HKG","LEUNG Jonas Ka Fuk",8.3
"1097","M","Taijiquan-type routines_Other routines ","Group B","NZL","HUANG Ziyi",8.29
"1098","M","Taijiquan-type routines_Other routines ","Group B","ROU","Alexandru UDISTEANU ASLAN",8.22
"1099","M","Taijiquan-type routines ","Group C","USA","Kaden WONG",8.62
"1100","M","Taijiquan-type routines ","Group C","USA","Kadyn WONG",8.54
"1101","M","Taijiquan-type routines ","Group C","LAT","Roberts RITENBERGS",8.46
"1102","M","Taijiquan-type routines ","Group C","AIN","Artem BOLKHOVITIN",8.42
"1103","M","Taijiquan-type routines ","Group C","ITA","Matteo MURENU",8.41
"1104","M","Taijiquan-type routines ","Group C","AIN","Zakhar ZHDANOV",8.37
"1105","M","Single-weapon routines_Dao (Broadsword) ","Group A","HKG","FUNG Yat",7.61
"1106","M","Single-weapon routines_Dao (Broadsword) ","Group A","USA","Frank LI",7.53
"1107","M","Single-weapon routines_Dao (Broadsword) ","Group A","SGP","CHEW Alexander",7.43
"1108","M","Single-weapon routines_Dao (Broadsword) ","Group A","MAS","TEOH Brandon Han Yuan",7.37
"1109","M","Single-weapon routines_Dao (Broadsword) ","Group A","MAS","LIM Bryan Gao Xuan",7.31
"1110","M","Single-weapon routines_Dao (Broadsword) ","Group A","IND","Messi LAISHRAM",7.3
"1111","M","Single-weapon routines_Dao (Broadsword) ","Group A","AUS","Yiming Ace LI",7.26
"1112","M","Single-weapon routines_Dao (Broadsword) ","Group A","HKG","LAI Ming Yeung Ethan",7.24
"1113","M","Single-weapon routines_Dao (Broadsword) ","Group A","HKG","GONG Xinyu",7.2
"1114","M","Single-weapon routines_Dao (Broadsword) ","Group A","BRU","Jacob Oliver CHUA",7.18
"1115","M","Single-weapon routines_Dao (Broadsword) ","Group A","TJK","Muhammadsaid ABDURASHIDOV",7.06
"1116","M","Single-weapon routines_Jian (Straight Sword) ","Group A","FRA","Lorenzo REZZONICO",7.85
"1117","M","Single-weapon routines_Jian (Straight Sword) ","Group A","INA","Brandon GUNAWAN",7.82
"1118","M","Single-weapon routines_Jian (Straight Sword) ","Group A","HKG","ZHENG Adrian",7.74
"1119","M","Single-weapon routines_Jian (Straight Sword) ","Group A","HKG","LYU Mingqian",7.69
"1120","M","Single-weapon routines_Jian (Straight Sword) ","Group A","HKG","LO Brandon Chak Kwan",7.68
"1121","M","Single-weapon routines_Jian (Straight Sword) ","Group A","USA","Kai Parker AU-YEUNG",7.65
"1122","M","Single-weapon routines_Jian (Straight Sword) ","Group A","USA","Zephyr Alexander REGAN",7.56
"1123","M","Single-weapon routines_Jian (Straight Sword) ","Group A","MEX","Santiago ATANACIO CASAS",7.38
"1124","M","Single-weapon routines_Gun (Cudgel/Staff)","Group A","MAC","CHAN Fengze",7.43
"1125","M","Single-weapon routines_Gun (Cudgel/Staff)","Group A","LAT","Ilja KISELOVS",7.36
"1126","M","Single-weapon routines_Gun (Cudgel/Staff)","Group A","NZL","Ruize GUI",7.31
"1127","M","Single-weapon routines_Gun (Cudgel/Staff)","Group A","CAN","Eden Jing Cheng LIU",7.3
"1128","M","Single-weapon routines_Gun (Cudgel/Staff)","Group A","USA","Atharva DATAR",7.27
"1129","M","Single-weapon routines_Gun (Cudgel/Staff)","Group A","CAN","LI Wangsen",7.24
"1130","M","Single-weapon routines_Gun (Cudgel/Staff)","Group A","AUS","Jones Dave SANJO",7.23
"1131","M","Single-weapon routines_Gun (Cudgel/Staff)","Group A","CAN","Ronghou LI",7.22
"1132","M","Single-weapon routines_Gun (Cudgel/Staff)","Group A","USA","Hardy WANG",7.18
"1133","M","Single-weapon routines_Gun (Cudgel/Staff)","Group A","NZL","Nitai GRBIN",7.15
"1134","M","Single-weapon routines_Gun (Cudgel/Staff)","Group A","CAN","Zizai YU",7.13
"1135","M","Single-weapon routines_Gun (Cudgel/Staff)","Group A","EGY","Omar KARAMALLA",7.12
"1136","M","Single-weapon routines_Gun (Cudgel/Staff)","Group A","USA","Kevin Jingcheng ZHANG",6.94
"1137","M","Single-weapon routines_Pudao ","Group A","SGP","TAN Timothy Sung Kai",7.63
"1138","M","Single-weapon routines_Pudao ","Group A","AIN","Artem SHEDKO",7.55
"1139","M","Single-weapon routines_Pudao ","Group A","INA","Muhammad Rifat Azhar WIBOWO",7.47
"1140","M","Single-weapon routines_Pudao ","Group A","INA","Kenzo Athalla KAFI",7.45
"1141","M","Single-weapon routines_Pudao ","Group A","NZL","Noah Junwei LIU",7.31
"1142","M","Single-weapon routines_Pudao ","Group A","MEX","Sergio Leonardo ABARCA CAZARES",7.29
"1143","M","Single-weapon routines_Pudao ","Group D","AIN","Dmitrii TIUNOV",9.06
"1144","M","Single-weapon routines_Pudao ","Group D","AIN","Nikita KOZLOV",9.03
"1145","M","Single-weapon routines_Pudao ","Group D","SVK","Martin MALy",8.92
"1146","M","Single-weapon routines_Pudao ","Group D","TUR","Necmettin Erbakan AKYUZ",8.83
"1147","M","Single-weapon routines_Pudao ","Group D","SGP","CHENG Kei Win",8.8
"1148","M","Single-weapon routines_Pudao ","Group D","MEX","Jesús Alfredo LIRA ACOSTA",8.77
"1149","M","Single-weapon routines_Pudao ","Group D","FRA","Wilfried MAQUIN",8.75
"1150","M","Single-weapon routines_Pudao ","Group D","AUS","Jacky CHEN",8.71
"1151","M","Single-weapon routines_Pudao ","Group D","ESP","Francisco COLLADO SAIZ",8.7
"1152","M","Single-weapon routines_Pudao ","Group D","MEX","Luis Arturo GONZALEZ MARMOLEJO",8.68
"1153","M","Single-weapon routines_Pudao ","Group D","GEO","Giorgi ONIANI",8.66
"1154","M","Single-weapon routines_Pudao ","Group D","POR","Bruno SOUSA",8.65
"1155","M","Single-weapon routines_Pudao ","Group D","ARG","Elias Edgardo CHAIHORT",8.56
"1156","M","Single-weapon routines_Pudao ","Group D","GBR","Guy Richard Ian TOKLEY",8.5
"1157","M","Single-weapon routines_Dao (Broadsword) ","Group D","MAC","CHEUNG Ioi Chit",9.03
"1158","M","Single-weapon routines_Dao (Broadsword) ","Group D","AIN","Ilias KHUSNUTDINOV",9.02
"1159","M","Single-weapon routines_Dao (Broadsword) ","Group D","GER","Kai JANSEN",9.01
"1160","M","Single-weapon routines_Dao (Broadsword) ","Group D","AIN","Amgalan ZHIGZHITOV",8.97
"1161","M","Single-weapon routines_Dao (Broadsword) ","Group D","TUR","Yusuf Sadi ACAR",8.91
"1162","M","Single-weapon routines_Dao (Broadsword) ","Group D","AIN","Gleb BURDOV",8.9
"1163","M","Single-weapon routines_Dao (Broadsword) ","Group D","AUS","Fan-bo KONG",8.82
"1164","M","Single-weapon routines_Dao (Broadsword) ","Group D","ITA","Giorgio MARCHESI",8.79
"1165","M","Single-weapon routines_Dao (Broadsword) ","Group D","TJK","Fotekh TABAROV",8.73
"1166","M","Single-weapon routines_Dao (Broadsword) ","Group D","TUR","Kaan KUCUKAKYUZ",8.72
"1167","M","Single-weapon routines_Dao (Broadsword) ","Group D","HKG","YU Pui Lam",8.71
"1168","M","Single-weapon routines_Dao (Broadsword) ","Group D","GRE","Konstantinos PAPAEFTHYMIOU",8.7
"1169","M","Single-weapon routines_Dao (Broadsword) ","Group D","NED","Tygo MAAS",8.68
"1170","M","Single-weapon routines_Dao (Broadsword) ","Group D","USA","Lyman CHEN",8.66
"1171","M","Single-weapon routines_Dao (Broadsword) ","Group D","CZE","Petr BURES",8.65
"1172","M","Single-weapon routines_Dao (Broadsword) ","Group D","GEO","Giorgi GERMANOZASHVILI",8.62
"1173","M","Single-weapon routines_Dao (Broadsword) ","Group D","MEX","Angel Julian GOMEZ RODRIGUEZ",8.57
"1174","M","Single-weapon routines_Dao (Broadsword) ","Group D","USA","Tyrese CARROLL",8.53
"1175","M","Single-weapon routines_Dao (Broadsword) ","Group D","MEX","Bruno Gabriel DUENAS PINON",8.52
"1176","M","Single-weapon routines_Dao (Broadsword) ","Group D","USA","Andrew TAN",8.5
"1177","M","Single-weapon routines_Dao (Broadsword) ","Group D","SVK","Radoslav MORAVcíK",8.49
"1178","M","Single-weapon routines_Dao (Broadsword) ","Group D","HUN","Dominik Norbert MEIXNER",8.42
"1179","M","Single-weapon routines_Dao (Broadsword) ","Group D","EGY","Mohamed SHATA",8.28
"1180","M","Single-weapon routines_Jian (Straight Sword) ","Group D","AIN","Pavel MURATOV",8.98
"1181","M","Single-weapon routines_Jian (Straight Sword) ","Group D","AIN","Dmitrii MININ",8.93
"1182","M","Single-weapon routines_Jian (Straight Sword) ","Group D","USA","Alex Zhaoyi NI",8.91
"1183","M","Single-weapon routines_Jian (Straight Sword) ","Group D","TUR","Ahmet Taha KESKIN",8.88
"1184","M","Single-weapon routines_Jian (Straight Sword) ","Group D","SVK","Patrik HATALA",8.87
"1185","M","Single-weapon routines_Jian (Straight Sword) ","Group D","CAN","Evan Hong Bo LIU",8.85
"1186","M","Single-weapon routines_Jian (Straight Sword) ","Group D","UKR","Artem HASHCHUK",8.84
"1187","M","Single-weapon routines_Jian (Straight Sword) ","Group D","ESP","Dan RIO RODRIGUEZ",8.82
"1188","M","Single-weapon routines_Jian (Straight Sword) ","Group D","GRE","Dimitrios Ioannis MATHIOPOULOS",8.81
"1189","M","Single-weapon routines_Jian (Straight Sword) ","Group D","LAT","Aleksandrs GORSKIS",8.74
"1190","M","Single-weapon routines_Jian (Straight Sword) ","Group D","ITA","Ivo ZEDDA",8.72
"1191","M","Single-weapon routines_Jian (Straight Sword) ","Group D","IND","Bhanu SINGH",8.7
"1192","M","Single-weapon routines_Jian (Straight Sword) ","Group D","ITA","Claudio DI BENEDETTO",8.68
"1193","M","Single-weapon routines_Jian (Straight Sword) ","Group D","HUN","Domonkos GRóF",8.63
"1194","M","Single-weapon routines_Jian (Straight Sword) ","Group D","USA","Daniel DOYLE",8.61
"1195","M","Single-weapon routines_Jian (Straight Sword) ","Group D","BRA","Bruno DE AMORIM ARANTES",8.61
"1196","M","Single-weapon routines_Jian (Straight Sword) ","Group D","AUS","Alexander Ha TERREY",8.6
"1197","M","Single-weapon routines_Jian (Straight Sword) ","Group D","FRA","Murphy MOU SANG",8.59
"1198","M","Single-weapon routines_Jian (Straight Sword) ","Group D","MAS","TUNG Ho Yen",8.59
"1199","M","Single-weapon routines_Jian (Straight Sword) ","Group D","BRA","Fabio MOREIRA DE ARAUJO",8.54
"1200","M","Single-weapon routines_Jian (Straight Sword) ","Group D","MEX","Diego Armando CORREA IXTEPAN",8.48
"1201","M","Single-weapon routines_Jian (Straight Sword) ","Group D","HUN","Gergely Lóránd BoDY",8.45
"1202","M","Single-weapon routines_Gun (Cudgel/Staff)","Group D","ESP","Francisco GARCIA MAZUECOS",8.89
"1203","M","Single-weapon routines_Gun (Cudgel/Staff)","Group D","HKG","YEUNG Cheuk Yin",8.85
"1204","M","Single-weapon routines_Gun (Cudgel/Staff)","Group D","USA","Jeffrey CHON",8.81
"1205","M","Single-weapon routines_Gun (Cudgel/Staff)","Group D","NED","Ferran Tomás NIEUWKAMER SANCHEZ",8.78
"1206","M","Single-weapon routines_Gun (Cudgel/Staff)","Group D","CAN","Jiachen PENG",8.77
"1207","M","Single-weapon routines_Gun (Cudgel/Staff)","Group D","TUR","Osman YALKIN",8.71
"1208","M","Single-weapon routines_Gun (Cudgel/Staff)","Group D","CZE","Matej KRATKY",8.7
"1209","M","Single-weapon routines_Gun (Cudgel/Staff)","Group D","GEO","Saba EDILASHVILI",8.67
"1210","M","Single-weapon routines_Gun (Cudgel/Staff)","Group D","EGY","Moaz Mahmoud Fathy Sayed",8.67
"1211","M","Single-weapon routines_Gun (Cudgel/Staff)","Group D","JPN","ENOKAWA Oga",8.66
"1212","M","Single-weapon routines_Gun (Cudgel/Staff)","Group D","HUN","Bence Róbert KIS",8.65
"1213","M","Single-weapon routines_Gun (Cudgel/Staff)","Group D","ITA","Umberto NACHIRO",8.64
"1214","M","Single-weapon routines_Gun (Cudgel/Staff)","Group D","BEL","Loic HENRIOULLE",8.6
"1215","M","Single-weapon routines_Gun (Cudgel/Staff)","Group D","FRA","Nicolas GU",8.59
"1216","M","Single-weapon routines_Gun (Cudgel/Staff)","Group D","ROU","Florin Alexandru BARICA",8.58
"1217","M","Single-weapon routines_Gun (Cudgel/Staff)","Group D","USA","Yaseen GHANEM",8.56
"1218","M","Single-weapon routines_Gun (Cudgel/Staff)","Group D","BEL","Jonathan VERHEYEN",8.56
"1219","M","Single-weapon routines_Gun (Cudgel/Staff)","Group D","AUS","Kin Cheung HO",8.51
"1220","M","Single-weapon routines_Gun (Cudgel/Staff)","Group D","AUS","Xun Hao HUANG",8.5
"1221","M","Single-weapon routines_Gun (Cudgel/Staff)","Group D","AUS","Nathan NGHIEM",8.48
"1222","M","Single-weapon routines_Gun (Cudgel/Staff)","Group D","FRA","Martin MASSON",8.45
"1223","M","Single-weapon routines_Gun (Cudgel/Staff)","Group D","EGY","Fares ELSHOURBAGI",8.44
"1224","M","Single-weapon routines_Qiang (Spear) ","Group D","UKR","Bohdan NAIDA",8.98
"1225","M","Single-weapon routines_Qiang (Spear) ","Group D","ITA","Michele GAMBINO",8.79
"1226","M","Single-weapon routines_Qiang (Spear) ","Group D","NED","Jesse KONICKX",8.73
"1227","M","Single-weapon routines_Qiang (Spear) ","Group D","SGP","SNG Hao Yang Jonas",8.73
"1228","M","Single-weapon routines_Qiang (Spear) ","Group D","GRE","Ioannis TASOPOULOS",8.63
"1229","M","Single-weapon routines_Qiang (Spear) ","Group D","FRA","Anouchith MICHANHOM",8.63
"1230","M","Single-weapon routines_Qiang (Spear) ","Group D","BEL","Mathéo GOLLAS",8.62
"1231","M","Single-weapon routines_Qiang (Spear) ","Group D","SUI","Ivan SIMIC",8.61
"1232","M","Single-weapon routines_Qiang (Spear) ","Group D","USA","Rory HYTREK",8.46
"1233","M","Single-weapon routines_Qiang (Spear) ","Group D","AUS","Chun Tak Jaydon TSE",8.42
"1234","M","Single-weapon routines_Qiang (Spear) ","Group D","POR","Rodrigo SANTOS",8.3
"1235","M","Single-weapon routines_Guandao (Kwan Dao)","Group C","SGP","KALUARACHCHI Devin Tharunuwan",8.85
"1236","M","Single-weapon routines_Guandao (Kwan Dao)","Group C","GEO","David GULISASHVILI",8.82
"1237","M","Single-weapon routines_Guandao (Kwan Dao)","Group C","ITA","Alessandro SIRTO",8.78
"1238","M","Single-weapon routines_Guandao (Kwan Dao)","Group C","BRA","Caio Cesar ZANA",8.75
"1239","M","Single-weapon routines_Guandao (Kwan Dao)","Group C","BRA","Flavio Henrique CASSIANO",8.74
"1240","M","Single-weapon routines_Guandao (Kwan Dao)","Group C","MEX","Carlos Omar SIERRA VILLAR",8.73
"1241","M","Single-weapon routines_Guandao (Kwan Dao)","Group C","GRE","Konstantinos LAMPADAS",8.72
"1242","M","Single-weapon routines_Guandao (Kwan Dao)","Group C","AUS","Xun Tao HUANG",8.71
"1243","M","Single-weapon routines_Guandao (Kwan Dao)","Group C","SUI","Leandro GARCIA",8.68
"1244","M","Single-weapon routines_Guandao (Kwan Dao)","Group C","NED","Hill Fung IP",8.64
"1245","M","Single-weapon routines_Guandao (Kwan Dao)","Group C","MAS","TEOH Bernard Meng Siang",8.46
"1246","M","Single-weapon routines_Nangun (Southern Staff/Cudgel) ","Group D","HKG","TING Kin Sing Kinson",9.1
"1247","M","Single-weapon routines_Nangun (Southern Staff/Cudgel) ","Group D","AIN","Kamil KHALILIULIN",8.99
"1248","M","Single-weapon routines_Nangun (Southern Staff/Cudgel) ","Group D","MAC","LEONG Chou Fong",8.95
"1249","M","Single-weapon routines_Nangun (Southern Staff/Cudgel) ","Group D","AIN","Dierbek DUISHABOEV",8.87
"1250","M","Single-weapon routines_Nangun (Southern Staff/Cudgel) ","Group D","HKG","CHOW Chun Yu",8.84
"1251","M","Single-weapon routines_Nangun (Southern Staff/Cudgel) ","Group D","UKR","Danylo POTURYMETS",8.81
"1252","M","Single-weapon routines_Nangun (Southern Staff/Cudgel) ","Group D","TUR","Deniz SABOTIC",8.81
"1253","M","Single-weapon routines_Nangun (Southern Staff/Cudgel) ","Group D","BRA","Anthony DA SILVA CAPELAZZO",8.78
"1254","M","Single-weapon routines_Nangun (Southern Staff/Cudgel) ","Group D","TJK","Mirzodalerkhon KHURSHEDZODA",8.76
"1255","M","Single-weapon routines_Nangun (Southern Staff/Cudgel) ","Group D","AIN","Rinat KUCHUMOV",8.75
"1256","M","Single-weapon routines_Nangun (Southern Staff/Cudgel) ","Group D","UKR","Mykyta KOVALOV",8.72
"1257","M","Single-weapon routines_Nangun (Southern Staff/Cudgel) ","Group D","ITA","Matteo TESTARDINI",8.68
"1258","M","Single-weapon routines_Nangun (Southern Staff/Cudgel) ","Group D","TJK","Ilyoskhon VALIEV",8.65
"1259","M","Single-weapon routines_Nangun (Southern Staff/Cudgel) ","Group D","TJK","Khushang RAJABOV",8.62
"1260","M","Single-weapon routines_Nangun (Southern Staff/Cudgel) ","Group D","ROU","Victor HASIEGANU",8.58
"1261","M","Single-weapon routines_Nangun (Southern Staff/Cudgel) ","Group D","TJK","Abbos JURAEV",8.58
"1262","M","Double-weapon routines_Shuangbishou (Double Daggers) ","Group D","POL","Tomasz BILUT",8.77
"1263","M","Double-weapon routines_Shuangbishou (Double Daggers) ","Group D","POL","Lukasz Mateusz MASLANKA",8.72
"1264","M","Double-weapon routines_Shuangbishou (Double Daggers) ","Group D","BRA","Bruno PAIXaO FERRARI",8.72
"1265","M","Double-weapon routines_Shuangbishou (Double Daggers) ","Group D","POL","Franciszek Jan DERZKO",8.67
"1266","M","Double-weapon routines_Shuangbishou (Double Daggers) ","Group D","BUL","Mario PETRUNOV",8.46
"1267","M","Double-weapon routines_Shuangbishou (Double Daggers) ","Group D","BUL","Georgi NIKOLOV",8.42
"1268","M","Double-weapon routines_Other routines ","Group D","BRA","Dennis RODRIGUES MADRUGA",8.74
"1269","M","Double-weapon routines_Other routines ","Group D","AUS","Declan Joe UPPINGTON",8.73
"1270","M","Double-weapon routines_Other routines ","Group D","FRA","Kévin KE",8.67
"1271","M","Double-weapon routines_Other routines ","Group D","ROU","Ioan Daniel STAN",8.48
"1272","M","Double-weapon routines_Other routines ","Group D","HKG","WONG Cho Wai Gabriel",8.13
"1273","M","Single-weapon routines_Other routines ","Group D","SGP","YAP Wei Sheng Wilson",8.98
"1274","M","Single-weapon routines_Other routines ","Group D","BRA","Lucas MACHADO FRADE GALATI",8.86
"1275","M","Single-weapon routines_Other routines ","Group D","IND","Arkeshwar MEDATWAL",8.64
"1276","M","Single-weapon routines_Other routines ","Group D","MAC","YUEN Kam Weng",8.63
"1277","M","Single-weapon routines_Other routines ","Group D","SUI","Igor SIMIC",8.59
"1278","M","Single-weapon routines_Taijidao ","Group E","AUS","Mitchell BROWN",8.7
"1279","M","Single-weapon routines_Taijidao ","Group E","ESP","Francisco Javier ARNANZ SOTELO",8.56
"1280","M","Single-weapon routines_Taijidao ","Group E","GBR","Stanislav BALTSEZAK",8.46
"1281","M","Single-weapon routines_Taijidao ","Group E","AUS","Dhimesh Ramesh Patel",8.32
"1282","M","Single-weapon routines_Taijidao ","Group E","FRA","Norman PRADES",8.18
"1283","M","Single-weapon routines_Chen Style Taijijian ","Group E","USA","Cheng ZHANG",8.68
"1284","M","Single-weapon routines_Chen Style Taijijian ","Group E","AUS","Sherman Shu Hang MAK",8.63
"1285","M","Single-weapon routines_Chen Style Taijijian ","Group E","BUL","Ivo GEORGIEV",8.58
"1286","M","Single-weapon routines_Chen Style Taijijian ","Group E","ITA","Antonio PIGNATARO",8.57
"1287","M","Single-weapon routines_Chen Style Taijijian ","Group E","USA","Scott SPENCER",8.56
"1288","M","Single-weapon routines_Chen Style Taijijian ","Group E","BRA","Sergio Minoru TANOSHI",8.51
"1289","M","Single-weapon routines_Chen Style Taijijian ","Group E","MAS","WONG Chien Kian",8.49
"1290","M","Single-weapon routines_Chen Style Taijijian ","Group E","USA","Aleksandr SMIRNOV",8.48
"1291","M","Single-weapon routines_Chen Style Taijijian ","Group E","GEO","Lasha SUMBULASHVILI",8.47
"1292","M","Single-weapon routines_Chen Style Taijijian ","Group E","POL","Robert Pawel MAsLANKA",8.46
"1293","M","Single-weapon routines_Other Taijijian ","Group E","GBR","Barry James PHELAN",8.69
"1294","M","Single-weapon routines_Other Taijijian ","Group E","SGP","WONG Kwai Wah",8.58
"1295","M","Single-weapon routines_Other Taijijian ","Group E","JPN","IWAMOTO Kunishige",8.5
"1296","M","Single-weapon routines_Other Taijijian ","Group E","ARG","Diego Javier GONZALEZ",8.48
"1297","M","Single-weapon routines_Other Taijijian ","Group E","AUS","Walter The Khuong LY",8.47
"1298","M","Single-weapon routines_Other Taijijian ","Group E","MEX","Alberto MORALES ROJAS",8.46
"1299","M","Single-weapon routines_Other Taijijian ","Group E","SUI","Alexandre ORICCHIO",8.45
"1300","M","Single-weapon routines_Other Taijijian ","Group E","HKG","CHOI Yik Ching",8.44
"1301","M","Single-weapon routines_Other Taijijian ","Group E","USA","Alan HIRAHARA",8.43
"1302","M","Single-weapon routines_Other Taijijian ","Group E","MEX","Cesar HERRERA JIMENEZ",8.41
"1303","M","Single-weapon routines_Other Taijijian ","Group E","AUS","Wei Wen RUAN",8.38
"1304","M","Single-weapon routines_Other Taijijian ","Group E","ARG","Humberto De Jesus VEGA ROMO",8.34
"1305","M","Single-weapon routines_Other Taijijian ","Group E","NZL","Owen LOEFFELLECHNER",8.32
"1306","M","Single-weapon routines_Other Taijijian ","Group E","USA","Orvie THUMEL",8.25
"1307","M","Single-weapon routines_Taijishan ","Group E","SGP","LIM Che How",8.96
"1308","M","Single-weapon routines_Taijishan ","Group E","CZE","Milan HOREJS",8.62
"1309","M","Single-weapon routines_Taijishan ","Group E","CZE","Tomas RIHACEK",8.52
"1310","M","Single-weapon routines_Taijishan ","Group E","POL","Wlodzimierz Ziec",8.4
"1311","M","Single-weapon routines_Taijishan ","Group E","POR","Bruno RIBEIRO",8.36
"1312","M","Double-weapon routines ","Group E","ESP","Vicente Miguel RAJA CATALA",8.78
"1313","M","Double-weapon routines ","Group E","BRA","Jose Augusto DA SILVA JUNIOR",8.71
"1314","M","Double-weapon routines ","Group E","BRA","Richard LEUTZ",8.67
"1315","M","Double-weapon routines ","Group E","BRA","Marcos DIMANFA BONGIANNI",8.62
"1316","M","Double-weapon routines ","Group E","POL","Marcin Jacek ZARóD",8.57
"1317","M","Double-weapon routines ","Group E","USA","Kevin LAW",8.55
"1318","M","Double-weapon routines ","Group E","FRA","Ludovic REY",8.51
"1319","M","Double-weapon routines ","Group E","POL","Lukasz Arkadiusz DERZKO",8.49
"1320","M","Double-weapon routines ","Group E","INA","Iwan Setiawan NG",8.45
"1321","M","Single-weapon routines_Dao (Broadsword) ","Group B","USA","Matthew Yum Ping WONG",8.55
"1322","M","Single-weapon routines_Dao (Broadsword) ","Group B","USA","Aaron LIANG",8.54
"1323","M","Single-weapon routines_Dao (Broadsword) ","Group B","SGP","CHIA Hong Jie Ayden",8.53
"1324","M","Single-weapon routines_Dao (Broadsword) ","Group B","KAZ","Eldar BALABEKOV",8.51
"1325","M","Single-weapon routines_Dao (Broadsword) ","Group B","POL","Adam WARGACKI",8.48
"1326","M","Single-weapon routines_Dao (Broadsword) ","Group B","MAS","TAN Darren Guan Liang",8.45
"1327","M","Single-weapon routines_Dao (Broadsword) ","Group B","AUS","Haolong Carlos LI",8.42
"1328","M","Single-weapon routines_Dao (Broadsword) ","Group B","BRU","Qayden Ming Yi YII",8.4
"1329","M","Single-weapon routines_Dao (Broadsword) ","Group B","MAC","LI Pengcheng",8.38
"1330","M","Single-weapon routines_Dao (Broadsword) ","Group B","USA","Gottlieb ZHU",8.37
"1331","M","Single-weapon routines_Dao (Broadsword) ","Group B","FRA","Félicien Zhi - Yi DU",8.36
"1332","M","Single-weapon routines_Dao (Broadsword) ","Group B","USA","Bryan TSUN",8.35
"1333","M","Single-weapon routines_Dao (Broadsword) ","Group B","EGY","Mhamed MOUSTAFA",8.21
"1334","M","Single-weapon routines_Dao (Broadsword) ","Group B","EGY","Mansour ELALAMI",7.91
"1335","M","Single-weapon routines_Jian (Straight Sword) ","Group B","SVK","Martin GáLIS",8.61
"1336","M","Single-weapon routines_Jian (Straight Sword) ","Group B","HKG","WONG Remus",8.56
"1337","M","Single-weapon routines_Jian (Straight Sword) ","Group B","ITA","Mark SECCI",8.44
"1338","M","Single-weapon routines_Jian (Straight Sword) ","Group B","IND","Sri Varshan SURESH KUMAR",8.34
"1339","M","Single-weapon routines_Jian (Straight Sword) ","Group B","USA","Yabin YANG",8.32
"1340","M","Single-weapon routines_Jian (Straight Sword) ","Group B","BRA","Lorenzo SAVIANE ANTOGNOLLI",8.27
"1341","M","Single-weapon routines_Jian (Straight Sword) ","Group B","ROU","Andrei UDISTEANU ASLAN",8.2
"1342","M","Single-weapon routines_Gun (Cudgel/Staff)","Group B","GRE","Konstantinos LIAPIS",8.57
"1343","M","Single-weapon routines_Gun (Cudgel/Staff)","Group B","BRA","Leonardo SOARES FONDELLO",8.52
"1344","M","Single-weapon routines_Gun (Cudgel/Staff)","Group B","KAZ","Rinat MARAYEV",8.51
"1345","M","Single-weapon routines_Gun (Cudgel/Staff)","Group B","USA","Julian THIO",8.49
"1346","M","Single-weapon routines_Gun (Cudgel/Staff)","Group B","MAS","NG Ricky Jia Cheng",8.46
"1347","M","Single-weapon routines_Gun (Cudgel/Staff)","Group B","GRE","Odysseas THEODOROU",8.45
"1348","M","Single-weapon routines_Gun (Cudgel/Staff)","Group B","USA","Aaron FENG",8.43
"1349","M","Single-weapon routines_Gun (Cudgel/Staff)","Group B","MAC","CHAN Chi Hin",8.42
"1350","M","Single-weapon routines_Gun (Cudgel/Staff)","Group B","AUS","Robin Yubin ZHENG",8.4
"1351","M","Single-weapon routines_Gun (Cudgel/Staff)","Group B","USA","Miles GAAN",8.39
"1352","M","Single-weapon routines_Gun (Cudgel/Staff)","Group B","CAN","Jing Hao Alexander NG",8.38
"1353","M","Single-weapon routines_Gun (Cudgel/Staff)","Group B","USA","Logan Xavier AU-YEUNG",8.36
"1354","M","Single-weapon routines_Gun (Cudgel/Staff)","Group B","AUS","Austin Dave SANJO",8.31
"1355","M","Single-weapon routines_Gun (Cudgel/Staff)","Group B","AUS","Ray Yuen HO",8.23
"1356","M","Single-weapon routines_Gun (Cudgel/Staff)","Group B","EGY","Elsayed ELSHERBINI",8.16
"1357","W","Single-weapon routines_Jian (Straight Sword) ","Group D","CHN","WANG Ben",9.07
"1358","W","Single-weapon routines_Jian (Straight Sword) ","Group D","CHN","LV Jiawen",9
"1359","W","Single-weapon routines_Jian (Straight Sword) ","Group D","AIN","Alina BUTRINOVA",8.8
"1360","W","Single-weapon routines_Jian (Straight Sword) ","Group D","UKR","Yana POLTORATSKA",8.77
"1361","W","Single-weapon routines_Jian (Straight Sword) ","Group D","LAT","Polina MALAHOVA",8.76
"1362","W","Single-weapon routines_Jian (Straight Sword) ","Group D","SVK","Hanka HATALOVá",8.61
"1363","W","Single-weapon routines_Jian (Straight Sword) ","Group D","UKR","Svitlana ZAVIALOVA",8.54
"1364","W","Single-weapon routines_Jian (Straight Sword) ","Group D","POL","Patrycja Anna KOLASKA",8.52
"1365","W","Single-weapon routines_Jian (Straight Sword) ","Group D","POR","Inês SOARES",8.48
"1366","W","Single-weapon routines_Jian (Straight Sword) ","Group D","ESP","Zaida GARCíA DE LA GALANA ALIRANGUES",8.4
"1367","W","Single-weapon routines_Jian (Straight Sword) ","Group D","ROU","Cezara GORAN",8.34
"1368","W","Single-weapon routines_Jian (Straight Sword) ","Group D","HUN","Hanna DANCS",8.29
"1369","W","Single-weapon routines_Jian (Straight Sword) ","Group D","ARG","Ayelen Sabrina RANDAZZO",8.16
"1370","W","Single-weapon routines_Gun (Cudgel/Staff)","Group D","TUR","Zeynep Makbule AKYUZ",8.83
"1371","W","Single-weapon routines_Gun (Cudgel/Staff)","Group D","AIN","Evgenia PAVLOVA",8.71
"1372","W","Single-weapon routines_Gun (Cudgel/Staff)","Group D","UKR","Lidiia SOBOL",8.7
"1373","W","Single-weapon routines_Gun (Cudgel/Staff)","Group D","KAZ","Dayana KUSPANOVA",8.53
"1374","W","Single-weapon routines_Gun (Cudgel/Staff)","Group D","MAC","LEI Un Si",8.51
"1375","W","Single-weapon routines_Gun (Cudgel/Staff)","Group D","POL","Emilia Marta RYCHLEWSKA",8.48
"1376","W","Single-weapon routines_Gun (Cudgel/Staff)","Group D","ITA","Letizia Giulietta TEDOLDI",8.47
"1377","W","Single-weapon routines_Gun (Cudgel/Staff)","Group D","GRE","Panagiota Aikaterini MATHIOPOULOU",8.46
"1378","W","Single-weapon routines_Gun (Cudgel/Staff)","Group D","NED","Nicole Amely Mikhailovna USACHEV",8.45
"1379","W","Single-weapon routines_Gun (Cudgel/Staff)","Group D","IND","Purnima LINDA",8.44
"1380","W","Single-weapon routines_Gun (Cudgel/Staff)","Group D","GRE","Margarita PAGONI",8.43
"1381","W","Single-weapon routines_Gun (Cudgel/Staff)","Group D","BRA","Pamela RAMAZZOTTI GOMES",8.41
"1382","W","Single-weapon routines_Gun (Cudgel/Staff)","Group D","KGZ","Aisalkyn TASHMATOVA",8.39
"1383","W","Single-weapon routines_Gun (Cudgel/Staff)","Group D","GRE","Konstantina FOTEINOGIANNOPOULOU",8.33
"1384","W","Single-weapon routines_Gun (Cudgel/Staff)","Group D","AUS","Amy NGHIEM",8.3
"1385","W","Single-weapon routines_Gun (Cudgel/Staff)","Group D","MEX","Karen Priscila PANECATL URQUIZA",8.25
"1386","W","Single-weapon routines_Gun (Cudgel/Staff)","Group D","CAN","Stephanie BRAITHWAITE",8.2
"1387","W","Single-weapon routines_Nandao (Southern Broadsword) ","Group D","HKG","HE Jianxin",9.16
"1388","W","Single-weapon routines_Nandao (Southern Broadsword) ","Group D","IND","Rezina TAMANG",9.09
"1389","W","Single-weapon routines_Nandao (Southern Broadsword) ","Group D","MAC","PO Hio Lam",8.86
"1390","W","Single-weapon routines_Nandao (Southern Broadsword) ","Group D","AIN","Ekaterina DONETS",8.77
"1391","W","Single-weapon routines_Nandao (Southern Broadsword) ","Group D","USA","Luna FRANCO",8.73
"1392","W","Double-weapon routines_Other routines ","Group D","USA","Meiying WANG",8.89
"1393","W","Double-weapon routines_Other routines ","Group D","ROU","Mara Georgia Alina OBEANU",8.65
"1394","W","Double-weapon routines_Other routines ","Group D","FRA","Alexandra CARVALHEIRO",8.51
"1395","W","Double-weapon routines_Other routines ","Group D","NZL","Nelara AMARASINGHE",8.5
"1396","W","Double-weapon routines_Other routines ","Group D","SGP","LOW Elicia Qiu Min",8.49
"1397","W","Double-weapon routines_Other routines ","Group D","MAS","CHOONG Hui Ying",8.48
"1398","W","Double-weapon routines_Other routines ","Group D","NED","Kira Alana Phaedra ORMSKERK",8.47
"1399","W","Double-weapon routines_Other routines ","Group D","ITA","Nadia LO SAPIO",8.46
"1400","W","Double-weapon routines_Other routines ","Group D","MAC","LIAO Chio Weng",8.45
"1401","W","Double-weapon routines_Other routines ","Group D","RSA","Kitana Cora VAN DER MESCHT",8.43
"1402","W","Double-weapon routines_Other routines ","Group D","IND","Vedaasruthi SHANMUGAVADIVEL",8.41
"1403","W","Double-weapon routines_Other routines ","Group D","USA","Jessica ZOU",8.3
"1404","M","Single-weapon routines_Other routines ","Group A","USA","Frederick LI",7.92
"1405","M","Single-weapon routines_Other routines ","Group A","NZL","Villa ZHANG",7.81
"1406","M","Single-weapon routines_Other routines ","Group A","SGP","WENG Linrui",7.69
"1407","M","Single-weapon routines_Other routines ","Group A","USA","Henry ZHOU",7.68
"1408","M","Single-weapon routines_Other routines ","Group A","USA","Augustine DENG",7.58
"1409","M","Single-weapon routines_Other routines ","Group A","NZL","Liyou LI",7.53
"1410","M","Single-weapon routines_Other routines ","Group A","USA","Aiden LIANG",7.38
"1411","M","Single-weapon routines_Other routines ","Group A","CAN","Albert ZHAO",7.33
"1412","M","Double-weapon routines ","Group A","FRA","Léo SCHUR CHEN",7.88
"1413","M","Double-weapon routines ","Group A","USA","Alex LI",7.84
"1414","M","Double-weapon routines ","Group A","MAC","TANG Pak Him",7.78
"1415","M","Double-weapon routines ","Group A","MAC","ZHENG Kun Pang",7.76
"1416","M","Double-weapon routines ","Group A","MAS","TAN Thye Yih",7.61
"1417","M","Double-weapon routines ","Group A","MAS","TAN Khai Yeah",7.6
"1418","M","Double-weapon routines ","Group A","USA","Greyson TURNBULL",7.59
"1419","M","Double-weapon routines ","Group A","HKG","YU Jianan",7.58
"1420","M","Double-weapon routines ","Group A","HKG","LYU Mingze",7.5
"1421","M","Double-weapon routines ","Group A","MAS","TEOH Yik Yang",7.46
"1422","M","Double-weapon routines ","Group A","USA","Weihang YAN",7.44
"1423","M","Double-weapon routines ","Group A","MAS","LAU Ryan You Jie",7.36
"1424","M","Single-weapon routines_Dao (Broadsword) ","Group C","AIN","Aleksandr SURKOV",8.68
"1425","M","Single-weapon routines_Dao (Broadsword) ","Group C","KAZ","Alizhan MUKHAMETOV",8.67
"1426","M","Single-weapon routines_Dao (Broadsword) ","Group C","MAC","WONG Hok Weng",8.65
"1427","M","Single-weapon routines_Dao (Broadsword) ","Group C","USA","Jasper Zhen Bao LI",8.56
"1428","M","Single-weapon routines_Dao (Broadsword) ","Group C","HKG","CHEUNG Ching Hei",8.47
"1429","M","Single-weapon routines_Dao (Broadsword) ","Group C","GRE","Panagiotis TOUROUTSIKAS",8.46
"1430","M","Single-weapon routines_Dao (Broadsword) ","Group C","POL","Jakub Marcel OLESZCZUK",8.39
"1431","M","Single-weapon routines_Dao (Broadsword) ","Group C","BRA","Enzo FANTINATI CALAMARI",8.38
"1432","M","Single-weapon routines_Dao (Broadsword) ","Group C","GRE","Dimitrios KOTTAS",8.36
"1433","M","Single-weapon routines_Dao (Broadsword) ","Group C","USA","Brandon HORN",8.35
"1434","M","Single-weapon routines_Dao (Broadsword) ","Group C","BRU","Ayden Chun Zhen LOO",8.34
"1435","M","Single-weapon routines_Dao (Broadsword) ","Group C","IND","Aatish Raj RAJKUMAR",8.33
"1436","M","Single-weapon routines_Dao (Broadsword) ","Group C","HKG","LU Elliot",8.31
"1437","M","Single-weapon routines_Dao (Broadsword) ","Group C","USA","Sean WAGNER",8.24
"1438","M","Single-weapon routines_Dao (Broadsword) ","Group C","GRE","DINAKU ALEXANDROS",8.18
"1439","M","Single-weapon routines_Dao (Broadsword) ","Group C","EGY","Nour ELEMAM",8.15
"1440","M","Single-weapon routines_Dao (Broadsword) ","Group C","EGY","Fars IBRAHIM",8.04
"1441","M","Single-weapon routines_Jian (Straight Sword) ","Group C","USA","Landau TZOU",8.61
"1442","M","Single-weapon routines_Jian (Straight Sword) ","Group C","UKR","Volodymyr SHYNKARENKO",8.58
"1443","M","Single-weapon routines_Jian (Straight Sword) ","Group C","KAZ","Nurlan MUSTAFIN",8.54
"1444","M","Single-weapon routines_Jian (Straight Sword) ","Group C","USA","Luke WAGNER",8.37
"1445","M","Single-weapon routines_Jian (Straight Sword) ","Group C","AUS","Fan-rong KONG",8.27
"1446","M","Single-weapon routines_Jian (Straight Sword) ","Group C","LAT","Roberts RITENBERGS",8.22
"1447","M","Single-weapon routines_Jian (Straight Sword) ","Group C","TJK","Fazliddin KHOJAEV",8.21
"1448","M","Single-weapon routines_Jian (Straight Sword) ","Group C","AUS","Enqi GE",8.16
"1449","M","Single-weapon routines_Gun (Cudgel/Staff)","Group C","KAZ","Kirill MALEYEV",8.68
"1450","M","Single-weapon routines_Gun (Cudgel/Staff)","Group C","TUN","El Mabrouk RAFED",8.59
"1451","M","Single-weapon routines_Gun (Cudgel/Staff)","Group C","GEO","Nikolozi NUTSUBIDZE",8.5
"1452","M","Single-weapon routines_Gun (Cudgel/Staff)","Group C","GRE","Charalambos Iosif MATHIOPOULOS",8.47
"1453","M","Single-weapon routines_Gun (Cudgel/Staff)","Group C","ROU","Andrei Mario NEDELEA",8.46
"1454","M","Single-weapon routines_Gun (Cudgel/Staff)","Group C","CZE","Lukas HUSAK",8.45
"1455","M","Single-weapon routines_Gun (Cudgel/Staff)","Group C","ROU","Andrei Eduard MIU",8.42
"1456","M","Single-weapon routines_Gun (Cudgel/Staff)","Group C","GRE","Vlasios KINTAKAS",8.39
"1457","M","Single-weapon routines_Gun (Cudgel/Staff)","Group C","KAZ","Ilya POTSKHVERIYA",8.37
"1458","M","Single-weapon routines_Gun (Cudgel/Staff)","Group C","USA","Aaron LEE",8.36
"1459","M","Single-weapon routines_Gun (Cudgel/Staff)","Group C","GRE","Evaggelos FOTEINOGIANNOPOULOS",8.33
"1460","M","Single-weapon routines_Gun (Cudgel/Staff)","Group C","MEX","Arhat MENEZ ALARCON",8.26
"1461","M","Single-weapon routines_Gun (Cudgel/Staff)","Group C","USA","Ethan CHE",8.24
"1462","M","Single-weapon routines_Gun (Cudgel/Staff)","Group C","EGY","Omar ELSHOURBAGI",8.22
"1463","M","Single-weapon routines_Gun (Cudgel/Staff)","Group C","GRE","Georgios LABOUSIS",8.06
"1464","M","Single-weapon routines_Pudao ","Group C","LAT","Nikita MATVEJEVS",8.57
"1465","M","Single-weapon routines_Pudao ","Group C","CAN","WANG Tengyi",8.49
"1466","M","Single-weapon routines_Pudao ","Group C","TUN","Kadri MOHAMED YASSIN",8.46
"1467","M","Single-weapon routines_Pudao ","Group C","ITA","Giorgio BELMONTE",8.43
"1468","M","Single-weapon routines_Pudao ","Group C","POR","Miguel SOUSA",8.35
"1469","M","Single-weapon routines_Pudao ","Group C","USA","Atom ELY",8.26
"1470","M","Single-weapon routines_Pudao ","Group C","EGY","Mohanad ISMAIL",8.11
"1471","M","Single-weapon routines_Guandao (Kwan Dao)","Group C","MAC","IP Man Chit",8.56
"1472","M","Single-weapon routines_Guandao (Kwan Dao)","Group C","ITA","Mario Faris BAZZARA",8.54
"1473","M","Single-weapon routines_Guandao (Kwan Dao)","Group C","EGY","Ramy Ramadan Mohamed",8.51
"1474","M","Single-weapon routines_Guandao (Kwan Dao)","Group C","BRA","Kaue Kenji GONCALVES MIYASAKA",8.43
"1475","M","Single-weapon routines_Guandao (Kwan Dao)","Group C","USA","Sebastian RAMOS CONTRERAS",8.42
"1476","M","Single-weapon routines_Guandao (Kwan Dao)","Group C","EGY","Moustafa ZARA",8.21
"1477","M","Single-weapon routines_Nandao (Southern Broadsword) ","Group C","AIN","Mikhail MINAKOV",8.66
"1478","M","Single-weapon routines_Nandao (Southern Broadsword) ","Group C","LAT","Nikita KOKINS",8.61
"1479","M","Single-weapon routines_Nandao (Southern Broadsword) ","Group C","TUR","Furkan Osman SAYINER",8.6
"1480","M","Single-weapon routines_Nandao (Southern Broadsword) ","Group C","ROU","Mihai Daniel DINCU",8.59
"1481","M","Single-weapon routines_Nandao (Southern Broadsword) ","Group C","USA","Adam POPP",8.39
"1482","M","Single-weapon routines_Nandao (Southern Broadsword) ","Group C","USA","Chase WONG",8.37
"1483","M","Single-weapon routines_Qiang (Spear) ","Group C","SGP","CHUA Kai Yang Aydan",8.66
"1484","M","Single-weapon routines_Qiang (Spear) ","Group C","USA","Preston FARR",8.55
"1485","M","Single-weapon routines_Qiang (Spear) ","Group C","BRA","Felipe CASTILHIONI DE ANDRADE",8.4
"1486","M","Single-weapon routines_Qiang (Spear) ","Group C","EGY","Mohamed SELMI",8.21
"1487","M","Double-weapon routines_Shuangdao (Double Broadsword) ","Group C","EGY","Ammar mohamed ibrahim Sonbol",8.68
"1488","M","Double-weapon routines_Shuangdao (Double Broadsword) ","Group C","AIN","Timur KHODZHAKOV",8.6
"1489","M","Double-weapon routines_Shuangdao (Double Broadsword) ","Group C","AIN","Boris GORODNIKOV",8.59
"1490","M","Double-weapon routines_Shuangdao (Double Broadsword) ","Group C","KAZ","Alkarim ZHADIGER",8.52
"1491","M","Double-weapon routines_Shuangdao (Double Broadsword) ","Group C","USA","Brendan WONG",8.49
"1492","M","Double-weapon routines_Shuangdao (Double Broadsword) ","Group C","AUS","Fan-ao KONG",8.43
"1493","M","Double-weapon routines_Shuangdao (Double Broadsword) ","Group C","INA","Calvin Ethanael WIJAYA",8.42
"1494","M","Double-weapon routines_Shuangdao (Double Broadsword) ","Group C","GRE","Theodoros Marios PAPATHANASIOU",8.38
"1495","M","Double-weapon routines_Shuangdao (Double Broadsword) ","Group C","CZE","Moris BENYSEK",8.21
"1496","M","Double-weapon routines_Shuangdao (Double Broadsword) ","Group C","USA","Eshaan NAIR",8.2
"1497","M","Double-weapon routines_Other routines ","Group C","POL","Mieszko Leszek PRZYGODA",8.43
"1498","M","Double-weapon routines_Other routines ","Group C","ROU","Darius Valentin URUCU",8.42
"1499","M","Double-weapon routines_Other routines ","Group C","FRA","Lucas HENG",8.41
"1500","M","Double-weapon routines_Other routines ","Group C","EGY","Mohamed IBRAHIM",7.91
"1501","M","Double-weapon routines_Other routines ","Group C","EGY","Youssef ISMAIL",7.85
"1502","M","Flexible/Soft-weapon routines ","Group C","USA","Kaden WONG",8.65
"1503","M","Flexible/Soft-weapon routines ","Group C","HKG","WONG Chun Yin Nicholas",8.61
"1504","M","Flexible/Soft-weapon routines ","Group C","SGP","NG Chun Sheng",8.54
"1505","M","Flexible/Soft-weapon routines ","Group C","USA","Kai HIRAHARA",8.51
"1506","M","Flexible/Soft-weapon routines ","Group C","USA","Nathaniel FONG",8.46
"1507","M","Flexible/Soft-weapon routines ","Group C","USA","Lawren BAI",8.45
"1508","M","Flexible/Soft-weapon routines ","Group C","USA","Joshua TJHIN",8.42
"1509","M","Flexible/Soft-weapon routines ","Group C","USA","Liam BROWN",8.39
"1510","M","Flexible/Soft-weapon routines ","Group C","LAT","Edgars ZARINS",8.26
"1511","W","Single-weapon routines_Dao (Broadsword) ","Group A","KAZ","Aiaru MUKHAMETOVA",7.71
"1512","W","Single-weapon routines_Dao (Broadsword) ","Group A","USA","Emily LU",7.63
"1513","W","Single-weapon routines_Dao (Broadsword) ","Group A","USA","Ryan NGO",7.57
"1514","W","Single-weapon routines_Dao (Broadsword) ","Group A","USA","Reiya TANG",7.5
"1515","W","Single-weapon routines_Dao (Broadsword) ","Group A","AUS","Aphrael HONG",7.43
"1516","W","Single-weapon routines_Dao (Broadsword) ","Group A","USA","Stella SUN",7.39
"1517","W","Single-weapon routines_Jian (Straight Sword) ","Group A","SGP","TAN Zhi Tong",7.7
"1518","W","Single-weapon routines_Jian (Straight Sword) ","Group A","BRU","Hannah TAN",7.65
"1519","W","Single-weapon routines_Jian (Straight Sword) ","Group A","MAC","IAO Chi Iao",7.64
"1520","W","Single-weapon routines_Jian (Straight Sword) ","Group A","HKG","LAU Azaria Hiu Yu",7.45
"1521","W","Single-weapon routines_Jian (Straight Sword) ","Group A","USA","Lizbeth DENG",7.32
"1522","W","Single-weapon routines_Jian (Straight Sword) ","Group A","USA","Amy ZHANG",7.13
"1523","W","Single-weapon routines_Gun (Cudgel/Staff)","Group A","NZL","Ariella Leyao LIUCHEN",7.57
"1524","W","Single-weapon routines_Gun (Cudgel/Staff)","Group A","USA","Summer ZHANG",7.46
"1525","W","Single-weapon routines_Gun (Cudgel/Staff)","Group A","NZL","Jessica QIAO",7.45
"1526","W","Single-weapon routines_Gun (Cudgel/Staff)","Group A","USA","Ellie SUN",7.41
"1527","W","Single-weapon routines_Gun (Cudgel/Staff)","Group A","MAC","CHAN U Chek",7.35
"1528","W","Single-weapon routines_Gun (Cudgel/Staff)","Group A","USA","Kia FLORES TINDALL",7.29
"1529","W","Single-weapon routines_Gun (Cudgel/Staff)","Group A","USA","Amani FLORES TINDALL",7.26
"1530","W","Single/Soft-weapon routines_Others ","Group A","SGP","SOH Camille Yu Rou",7.63
"1531","W","Single/Soft-weapon routines_Others ","Group A","USA","Joyce ZHANG",7.58
"1532","W","Single/Soft-weapon routines_Others ","Group A","USA","Quinn Yiren LIU",7.51
"1533","W","Single/Soft-weapon routines_Others ","Group A","INA","Raisya Aliya WIBOWO",7.48
"1534","M","Double-weapon routines_Shuangdao (Double Broadsword) ","Group D","AIN","Kirill-zui BONDARENKO",9.09
"1535","M","Double-weapon routines_Shuangdao (Double Broadsword) ","Group D","AIN","Maksim CHESKIDOV",8.93
"1536","M","Double-weapon routines_Shuangdao (Double Broadsword) ","Group D","UKR","Maksym ZHARUN",8.89
"1537","M","Double-weapon routines_Shuangdao (Double Broadsword) ","Group D","FRA","Clément VAUDAGNE",8.72
"1538","M","Double-weapon routines_Shuangdao (Double Broadsword) ","Group D","FRA","Noe BOURDET",8.71
"1539","M","Double-weapon routines_Shuangdao (Double Broadsword) ","Group D","BRA","Pedro CORREA LEMES",8.7
"1540","M","Double-weapon routines_Shuangdao (Double Broadsword) ","Group D","POL","Filip Michal PARAFIńSKI",8.62
"1541","M","Double-weapon routines_Shuangdao (Double Broadsword) ","Group D","USA","Micah JUMAN",8.59
"1542","M","Double-weapon routines_Shuangdao (Double Broadsword) ","Group D","TUR","Onur OZTURK",8.56
"1543","M","Double-weapon routines_Shuangdao (Double Broadsword) ","Group D","IND","Rajat Prakash GUPTA",8.47
"1544","M","Double-weapon routines_Shuangdao (Double Broadsword) ","Group D","AUS","David HONG",8.43
"1545","M","Double-weapon routines_Shuangdao (Double Broadsword) ","Group D","FRA","Alistair HAYOUN EGRETEAU",8.34
"1546","M","Double-weapon routines_Shuangdao (Double Broadsword) ","Group D","MEX","Fitzgerald PARAGUAY URETA",8.21
"1547","M","Flexible/Soft-weapon routines_Jiujiebian (Nine Section Whip Chain) ","Group D","CHN","ZHENG Guoqing",9.12
"1548","M","Flexible/Soft-weapon routines_Jiujiebian (Nine Section Whip Chain) ","Group D","GBR","Junayed Ilhan GUVEN",8.97
"1549","M","Flexible/Soft-weapon routines_Jiujiebian (Nine Section Whip Chain) ","Group D","AIN","Tikhon NIKITIN",8.91
"1550","M","Flexible/Soft-weapon routines_Jiujiebian (Nine Section Whip Chain) ","Group D","NZL","Ethan DE GUZMAN",8.75
"1551","M","Flexible/Soft-weapon routines_Jiujiebian (Nine Section Whip Chain) ","Group D","SWE","Ted Fredrik ANDERSSON",8.66
"1552","M","Flexible/Soft-weapon routines_Jiujiebian (Nine Section Whip Chain) ","Group D","AIN","Iaroslav SHELUDIAKOV",8.62
"1553","M","Flexible/Soft-weapon routines_Jiujiebian (Nine Section Whip Chain) ","Group D","AUS","Blake Charles Richard BROWN",8.55
"1554","M","Flexible/Soft-weapon routines_Jiujiebian (Nine Section Whip Chain) ","Group D","USA","Zihan DO",8.47
"1555","M","Flexible/Soft-weapon routines_Jiujiebian (Nine Section Whip Chain) ","Group D","BRA","Rodrigo DE LIMA DANTAS",8.45
"1556","M","Flexible/Soft-weapon routines_Other routines ","Group D","SGP","TEO Chee Wei",8.8
"1557","M","Flexible/Soft-weapon routines_Other routines ","Group D","UKR","Daniil FESHCHENKO",8.71
"1558","M","Flexible/Soft-weapon routines_Other routines ","Group D","FRA","Alexandre CORDARO",8.67
"1559","M","Flexible/Soft-weapon routines_Other routines ","Group D","AUS","Timothy James HONDROUDAKIS",8.67
"1560","M","Flexible/Soft-weapon routines_Other routines ","Group D","USA","Kyle WONG",8.65
"1561","M","Flexible/Soft-weapon routines_Other routines ","Group D","USA","Aaron KEYS",8.6
"1562","M","Flexible/Soft-weapon routines_Other routines ","Group D","BRA","Guilherme Henrique SOUZA DE OLIVEIRA",8.55
"1563","M","Flexible/Soft-weapon routines_Other routines ","Group D","FRA","Anthony PLAIS",8.54
"1564","M","Flexible/Soft-weapon routines_Other routines ","Group D","IND","Kunal SHARMA",8.43
"1565","M","Single-weapon routines_ Chen Style Taijijian ","Group D","HKG","SAT Pak Long",9
"1566","M","Single-weapon routines_ Chen Style Taijijian ","Group D","HKG","LEE Tin Lok",8.99
"1567","M","Single-weapon routines_ Chen Style Taijijian ","Group D","MAC","LI Shaoyue",8.92
"1568","M","Single-weapon routines_ Chen Style Taijijian ","Group D","INA","Erick Citra LOEIS",8.91
"1569","M","Single-weapon routines_ Chen Style Taijijian ","Group D","AIN","Andrei SOROKIN",8.84
"1570","M","Single-weapon routines_ Chen Style Taijijian ","Group D","AIN","Vasilii KISLITSYN",8.76
"1571","M","Single-weapon routines_ Chen Style Taijijian ","Group D","SGP","LOW Julian",8.74
"1572","M","Single-weapon routines_ Chen Style Taijijian ","Group D","GEO","Mate KORTKHONJIA",8.71
"1573","M","Single-weapon routines_ Chen Style Taijijian ","Group D","ITA","Gianluigi BISONI",8.66
"1574","M","Single-weapon routines_ Chen Style Taijijian ","Group D","FRA","Virgile SICARD",8.59
"1575","M","Single-weapon routines_ Chen Style Taijijian ","Group D","MEX","Alan Agustin MARTINEZ GARCIA",8.55
"1576","M","Single-weapon routines_ Chen Style Taijijian ","Group D","JPN","KOJIMA Ryuhei",8.48
"1577","M","Single-weapon routines_ Chen Style Taijijian ","Group D","NZL","Jichuan LI",8.13
"1578","M","Single-weapon routines_Other Taijijian ","Group D","MAC","ZHANG Pok Yui",8.95
"1579","M","Single-weapon routines_Other Taijijian ","Group D","HKG","KWONG Long Yui",8.85
"1580","M","Single-weapon routines_Other Taijijian ","Group D","HKG","LEUNG Yat Sing",8.84
"1581","M","Single-weapon routines_Other Taijijian ","Group D","MAC","HAN Soi Wa",8.8
"1582","M","Single-weapon routines_Other Taijijian ","Group D","AIN","Ivan KRASNOBAEV",8.73
"1583","M","Single-weapon routines_Other Taijijian ","Group D","EGY","Basel ABDALLA",8.7
"1584","M","Single-weapon routines_Other Taijijian ","Group D","HKG","WU Guanxi",8.64
"1585","M","Single-weapon routines_Other Taijijian ","Group D","IND","Kamal Kumar BORO",8.61
"1586","M","Single-weapon routines_Other Taijijian ","Group D","SGP","SNG Wei Liang Davion",8.61
"1587","M","Single-weapon routines_Other Taijijian ","Group D","ESP","Mario SIMóN GARCíA",8.52
"1588","M","Single-weapon routines_ Other Taiji weapon ","Group D","POR","Salvador GUERREIRO",8.57
"1589","M","Single-weapon routines_ Other Taiji weapon ","Group D","EGY","Moustafa EMISH",8.34
"1590","M","Single-weapon routines_ Other Taiji weapon ","Group D","USA","Parke BOWMAN",8.31
"1591","W","Double-weapon routines_Shuangjian (Double Straight Sword) ","Group D","AIN","Aksiniia SHCHUKINA",8.94
"1592","W","Double-weapon routines_Shuangjian (Double Straight Sword) ","Group D","JPN","ODAGIRI Emi",8.86
"1593","W","Double-weapon routines_Shuangjian (Double Straight Sword) ","Group D","TUR","Elif AKYUZ",8.86
"1594","W","Double-weapon routines_Shuangjian (Double Straight Sword) ","Group D","UKR","Alina KRYSKO",8.77
"1595","W","Double-weapon routines_Shuangjian (Double Straight Sword) ","Group D","BRA","Brenda SILVA DOS SANTOS",8.65
"1596","W","Double-weapon routines_Shuangjian (Double Straight Sword) ","Group D","CAN","Susanna NG",8.61
"1597","W","Double-weapon routines_Shuangjian (Double Straight Sword) ","Group D","IND","Shreya KUMARI",8.6
"1598","W","Double-weapon routines_Shuangjian (Double Straight Sword) ","Group D","MEX","Karime Janet MORALES CASAS",8.58
"1599","W","Double-weapon routines_Shuangjian (Double Straight Sword) ","Group D","FRA","Laetitia TAN",8.57
"1600","W","Double-weapon routines_Shuangjian (Double Straight Sword) ","Group D","AUT","Julia LINERT",8.57
"1601","W","Double-weapon routines_Shuangjian (Double Straight Sword) ","Group D","MEX","Diana Lizeth MEDRANO MENDOZA",8.52
"1602","W","Double-weapon routines_Shuangjian (Double Straight Sword) ","Group D","AUS","Jian Yi KOO",8.21
"1603","W","Flexible/Soft-weapon routines ","Group D","HKG","LAU Po Yan",8.85
"1604","W","Flexible/Soft-weapon routines ","Group D","ITA","Elisabetta SIRTO",8.78
"1605","W","Flexible/Soft-weapon routines ","Group D","ROU","Denisa Ruxandra ANASTASIU",8.68
"1606","W","Flexible/Soft-weapon routines ","Group D","IND","Bala Harshini DINESH KUMAR",8.68
"1607","W","Flexible/Soft-weapon routines ","Group D","POL","Magda Krystyna SKIBA",8.62
"1608","W","Flexible/Soft-weapon routines ","Group D","GRE","Isidora PAPACHRISTOU",8.62
"1609","W","Flexible/Soft-weapon routines ","Group D","BEL","DOEHAERD Yuna",8.56
"1610","W","Single-weapon routines_Shanzi (Fan) ","Group D","EGY","Jana Emad Mohamed Mostafa",8.82
"1611","W","Single-weapon routines_Shanzi (Fan) ","Group D","TUR","Ecrin COKHAMUR",8.78
"1612","W","Single-weapon routines_Shanzi (Fan) ","Group D","MEX","Michelle MENA TORRES",8.69
"1613","W","Single-weapon routines_Shanzi (Fan) ","Group D","HUN","Eniko VIZI",8.68
"1614","W","Single-weapon routines_Shanzi (Fan) ","Group D","MEX","Grace Guadalupe DE LA ROSA LIRA",8.67
"1615","W","Single-weapon routines_Shanzi (Fan) ","Group D","HUN","Dóra Tímea HORVáTH",8.6
"1616","W","Single-weapon routines_Shanzi (Fan) ","Group D","POR","Beatriz PINHO",8.56
"1617","W","Single-weapon routines_Shanzi (Fan) ","Group D","GBR","Tyra Ruqaiyah EDWARDS-WALKER",8.46
"1618","W","Single-weapon routines_Shanzi (Fan) ","Group D","AUS","Veronica FUNG",8.26
"1619","W","Single-weapon routines_Shanzi (Fan) ","Group D","NED","Lyly Diep TRAN",8.23
"1620","W","Single-weapon routines_Shanzi (Fan) ","Group D","USA","Li Ying LU",8.17
"1621","W","Single-weapon routines_Taijishan ","Group D","SGP","TAY Kai Xin Ranice",8.96
"1622","W","Single-weapon routines_Taijishan ","Group D","AIN","Anastasiia DEEVA",8.87
"1623","W","Single-weapon routines_Taijishan ","Group D","AIN","Alena KONEVA",8.73
"1624","W","Single-weapon routines_Taijishan ","Group D","FRA","Flora POINT",8.61
"1625","W","Single-weapon routines_Taijishan ","Group D","GEO","Niia CHKHAIDZE",8.59
"1626","W","Single-weapon routines_Taijishan ","Group D","FRA","Nina NGUYEN",8.52
"1627","W","Single-weapon routines_Taijishan ","Group D","RSA","Jessica Milissa JACOBS",8.44
"1628","W","Single-weapon routines_ Chen Style Taijijian ","Group E","GEO","Maka GABESKIRIA",8.83
"1629","W","Single-weapon routines_ Chen Style Taijijian ","Group E","SGP","NG Chiew Yen",8.74
"1630","W","Single-weapon routines_ Chen Style Taijijian ","Group E","USA","Michelle BENSI",8.66
"1631","W","Single-weapon routines_ Chen Style Taijijian ","Group E","MEX","Miriam Ocotlan MACEDA ROCHA",8.6
"1632","W","Single-weapon routines_ Chen Style Taijijian ","Group E","MEX","Elizabeth GARCIA MARTINEZ",8.57
"1633","W","Single-weapon routines_ Chen Style Taijijian ","Group E","USA","Annie Laurie CATES",8.49
"1634","W","Single-weapon routines_ Chen Style Taijijian ","Group E","KAZ","Tatyana BORTA",8.46
"1635","W","Single-weapon routines_ Chen Style Taijijian ","Group E","BUL","Antoniya STOYANOVA",8.38
"1636","W","Single-weapon routines_ Chen Style Taijijian ","Group E","BUL","Nataliya TRIFONOVA",8.36
"1637","W","Single-weapon routines_Yang Style Taijijian ","Group E","KAZ","Tatyana ZHIGALKINA",8.62
"1638","W","Single-weapon routines_Yang Style Taijijian ","Group E","CAN","Siaw Kin Agnes LEE",8.61
"1639","W","Single-weapon routines_Yang Style Taijijian ","Group E","MAC","MA Wai Soi",8.6
"1640","W","Single-weapon routines_Yang Style Taijijian ","Group E","HKG","NG Lai Ling Maggie",8.54
"1641","W","Single-weapon routines_Yang Style Taijijian ","Group E","HKG","YU Li",8.5
"1642","W","Single-weapon routines_Yang Style Taijijian ","Group E","HKG","WONG Tak Wing Teresa",8.47
"1643","W","Single-weapon routines_Yang Style Taijijian ","Group E","HKG","YU Suk Fei",8.4
"1644","W","Single-weapon routines_Yang Style Taijijian ","Group E","HKG","WONG Yin Ling Elaine",8.39
"1645","W","Single-weapon routines_Yang Style Taijijian ","Group E","HKG","WAN Sin Pui",8.37
"1646","W","Single-weapon routines_Yang Style Taijijian ","Group E","HKG","CHAN Hung Regina",8.33
"1647","W","Single-weapon routines_42-posture Taijijian ","Group E","HKG","WONG Wing Yan Josephine",8.78
"1648","W","Single-weapon routines_42-posture Taijijian ","Group E","USA","Jie GU",8.75
"1649","W","Single-weapon routines_42-posture Taijijian ","Group E","HKG","FUJITA Makiko",8.62
"1650","W","Single-weapon routines_42-posture Taijijian ","Group E","AUT","Maryse Suzanne VALIN-LINERT",8.6
"1651","W","Single-weapon routines_42-posture Taijijian ","Group E","JPN","KAMBARA Yumi",8.59
"1652","W","Single-weapon routines_42-posture Taijijian ","Group E","USA","Qiong LI",8.57
"1653","W","Single-weapon routines_42-posture Taijijian ","Group E","CAN","ZHANG Chunying",8.56
"1654","W","Single-weapon routines_ Other Taiji weapon ","Group E","SGP","CHEN Shanli",8.76
"1655","W","Single-weapon routines_ Other Taiji weapon ","Group E","MAC","LEI Sut Keng",8.71
"1656","W","Single-weapon routines_ Other Taiji weapon ","Group E","JPN","ONO Kimiyo",8.6
"1657","W","Single-weapon routines_ Other Taiji weapon ","Group E","LAT","Laura BURAKA",8.59
"1658","W","Single-weapon routines_ Other Taiji weapon ","Group E","USA","Jennifer WEITZ",8.56
"1659","W","Single-weapon routines_ Other Taiji weapon ","Group E","USA","Sally KIDWELL",8.51
"1660","W","Single-weapon routines_ Other Taiji weapon ","Group E","USA","Xia CHEN",8.47
"1661","W","Single-weapon routines_ Other Taiji weapon ","Group E","USA","Katerina PLSKOVA",8.45
"1662","W","Single-weapon routines_ Other Taiji weapon ","Group E","JPN","IWAMOTO Tamami",8.42
"1663","W","Single-weapon routines_ Other Taiji weapon ","Group E","MEX","Kitzia Mercedes ARIAS CAMPOS",8.34
"1664","W","Single-weapon routines_ Other Taiji weapon ","Group E","GRE","Sofia ZISI",8.21
"1665","W","Single-weapon routines_shanzi ","Group E","BRA","Paula AMIDANI SOARES DE AZEVEDO",8.71
"1666","W","Single-weapon routines_shanzi ","Group E","INA","Kris DAYANTI",8.68
"1667","W","Single-weapon routines_shanzi ","Group E","INA","Ivonny BUDIONO",8.58
"1668","W","Single-weapon routines_shanzi ","Group E","HUN","Mária ARUTYUNJAN",8.55
"1669","W","Single-weapon routines_shanzi ","Group E","INA","Lina SANTOSO",8.4
"1670","W","Single-weapon routines_shanzi ","Group E","BRA","Nina ROMANO CARDOSO SILVESTRE",8.36
"1671","W","Single-weapon routines_Taijishan ","Group E","USA","Fong ZHANG",8.85
"1672","W","Single-weapon routines_Taijishan ","Group E","USA","Peikai WANG",8.57
"1673","W","Single-weapon routines_Taijishan ","Group E","USA","Shaoping WANG",8.55
"1674","W","Single-weapon routines_Taijishan ","Group E","KGZ","Liubov SERIAKOVA",8.52
"1675","W","Single-weapon routines_Taijishan ","Group E","POR","Mariana LOPES",8.49
"1676","W","Single-weapon routines_Taijishan ","Group E","FRA","Yue DU QIAN",8.48
"1677","W","Single-weapon routines_Taijishan ","Group E","FRA","Sophie FOUCHER",8.46
"1678","M","Single-weapon routines_ Taiji weapon ","Group A","CAN","Jinrong Jayden ZHANG",7.76
"1679","M","Single-weapon routines_ Taiji weapon ","Group A","BRU","Samuel Yong Jun ONG",7.6
"1680","M","Single-weapon routines_ Taiji weapon ","Group A","CAN","Yiyuan Jonathan ZHANG",7.58
"1681","M","Single-weapon routines_ Taiji weapon ","Group A","USA","Henry Mengxuan HE",7.36
"1682","M","Single-weapon routines_ Taiji weapon ","Group A","USA","Micah YU",7.35
"1683","M","Single-weapon routines_ Taiji weapon ","Group A","USA","Brendan HOANG",7.23
"1684","M","Single-weapon routines_Taiji weapon ","Group B","CAN","Junchen YANG",8.68
"1685","M","Single-weapon routines_Taiji weapon ","Group B","HKG","WONG Yu Chit",8.62
"1686","M","Single-weapon routines_Taiji weapon ","Group B","USA","Albert LIU",8.6
"1687","M","Single-weapon routines_Taiji weapon ","Group B","NZL","Oliver QIAO",8.5
"1688","M","Single-weapon routines_Taiji weapon ","Group B","MAS","WONG Yew Shen",8.47
"1689","M","Single-weapon routines_Taiji weapon ","Group B","NZL","HUANG Ziyi",8.41
"1690","M","Single-weapon routines_Taiji weapon ","Group B","HKG","LEUNG Jonas Ka Fuk",8.36
"1691","M","Single-weapon routines_Taiji weapon ","Group B","ROU","Alexandru UDISTEANU ASLAN",8.25
"1692","M","Single-weapon routines_Taiji weapon ","Group B","HUN","Bence VIDA",8.21
"1693","M","Single-weapon routines_Taiji weapon ","Group B","EGY","Mohamed SHALABI",8.21
"1694","M","Single-weapon routines_Other routines ","Group F","SGP","KWAN Siew Hung",8.75
"1695","M","Single-weapon routines_Other routines ","Group F","JPN","OTAKA Kazuhiko",8.69
"1696","M","Single-weapon routines_Other routines ","Group F","POR","Alcino CUNHA",8.66
"1697","M","Single-weapon routines_Other routines ","Group F","RSA","Allan Jonathan HACKNER",8.6
"1698","M","Single-weapon routines_Other routines ","Group F","USA","Ebert KAN",8.56
"1699","M","Single-weapon routines_Other routines ","Group F","USA","Jeffrey REXFORD",8.46
"1700","M","Single-weapon routines_Other routines ","Group F","BRA","Roberto DOS SANTOS DE OLIVEIRA",8.45
"1701","M","Single-weapon routines_Other routines ","Group F","USA","John JOSEPHSON",8.45
"1702","M","Single-weapon routines_Other routines ","Group F","KGZ","Evgenii LOPATKIN",8.43
"1703","M","Single-weapon routines_Other routines ","Group F","HUN","Mihály József KOSZOGOVITS",8.37
"1704","M","Single-weapon routines_Other routines ","Group F","JPN","FUKUNISHI Tadashi",8.32
"1705","M","Single-weapon routines -Other routines ","Group B","USA","Ethan CHAN",8.5
"1706","M","Single-weapon routines -Other routines ","Group B","AUS","Ashton Tsz Pui CHAN",8.45
"1707","M","Single-weapon routines -Other routines ","Group B","USA","Jared ARROYO",8.42
"1708","M","Single-weapon routines -Other routines ","Group B","USA","Eric CHENG",8.4
"1709","M","Single-weapon routines -Other routines ","Group B","CAN","Jixiang YU",8.35
"1710","M","Single-weapon routines -Other routines ","Group B","USA","Theodore WONG",8.34
"1711","M","Single-weapon routines -Other routines ","Group B","EGY","Taha SHARABIA",8.25
"1712","W","Single-weapon routines_Qiang (Spear) ","Group B","USA","Winifred Zhen Ping LI",8.7
"1713","W","Single-weapon routines_Qiang (Spear) ","Group B","HKG","NAGY Seleney Simone",8.66
"1714","W","Single-weapon routines_Qiang (Spear) ","Group B","AUS","Larissa Tiffany Yongyan CHOI",8.55
"1715","W","Single-weapon routines_Qiang (Spear) ","Group B","NZL","Yihang LI",8.5
"1716","W","Single-weapon routines_Qiang (Spear) ","Group B","CAN","LI Wanglan",8.35
"1717","W","Single-weapon routines_Qiang (Spear) ","Group B","ARG","Julieta Agustina ALABARCE MIRANDA",8.26
"1718","W","Single-weapon routines_Dao (Broadsword) ","Group B","HKG","TANG Ching Wan",8.58
"1719","W","Single-weapon routines_Dao (Broadsword) ","Group B","KAZ","Stanislava BELONOGOVA",8.56
"1720","W","Single-weapon routines_Dao (Broadsword) ","Group B","USA","Amy GUO",8.53
"1721","W","Single-weapon routines_Dao (Broadsword) ","Group B","BRU","Sarah Xue Mae TAN",8.46
"1722","W","Single-weapon routines_Dao (Broadsword) ","Group B","BRU","Mae Qi LIM",8.43
"1723","W","Single-weapon routines_Dao (Broadsword) ","Group B","MAS","CHOK Xin Hui",8.4
"1724","W","Single-weapon routines_Dao (Broadsword) ","Group B","MAC","LEONG I Tong",8.38
"1725","W","Single-weapon routines_Dao (Broadsword) ","Group B","POR","Maria NOGUEIRA",8.35
"1726","W","Flexible/Soft-weapon routines_Jiujiebian ","Group C","AIN","Mariia KALUGINA",8.46
"1727","W","Flexible/Soft-weapon routines_Jiujiebian ","Group C","USA","Sofia CHERKASOVA",8.45
"1728","W","Single-weapon routines_Other routines ","Group F","USA","Xiaoan WANG",8.48
"1729","W","Single-weapon routines_Other routines ","Group F","FRA","Consiglia CIABURRI",8.4
"1730","M","Double-weapon routines ","Group B","AIN","Victor KHREMUCHKOV",8.62
"1731","M","Double-weapon routines ","Group B","HKG","HE Dragon",8.57
"1732","M","Double-weapon routines ","Group B","SGP","WENG Linxu",8.5
"1733","M","Double-weapon routines ","Group B","USA","Timothy TAFF",8.5
"1734","M","Double-weapon routines ","Group B","USA","Jayden CANDRA",8.46
"1735","M","Double-weapon routines ","Group B","FRA","Aaron COHEN",8.45
"1736","M","Double-weapon routines ","Group B","USA","Nathan CHAN",8.41
"1737","M","Double-weapon routines ","Group B","MAC","CHEOK Wa Weng",8.39
"1738","M","Double-weapon routines ","Group B","USA","Aaron PINEDO",8.37
"1739","M","Double-weapon routines ","Group B","USA","Brayden ROLDAN",8.36
"1740","M","Double-weapon routines ","Group B","FRA","Andrej DENIC",8.26
"1741","M","Single-weapon routines_Pudao/Dadao ","Group B","LAT","Mihails FISKISS",8.45
"1742","M","Single-weapon routines_Pudao/Dadao ","Group B","MEX","Bruno Armando DELGADO HOLGUIN",8.42
"1743","M","Single-weapon routines_Pudao/Dadao ","Group B","USA","Adam CHAI",8.41
"1744","M","Single-weapon routines_Pudao/Dadao ","Group B","USA","Ethan YUE",8.38
"1745","M","Single-weapon routines_Pudao/Dadao ","Group B","EGY","Sif SALAMA",8.32
"1746","M","Single-weapon routines_Pudao/Dadao ","Group B","USA","Alphard SHI",8.3
"1747","M","Single-weapon routines_Pudao/Dadao ","Group B","CAN","Michael Yujia HAO",8.28
"1748","M","Single-weapon routines_Pudao/Dadao ","Group B","EGY","Karim GEBRIL",8.2
"1749","W","weapon -Other routines ","Group A","USA","Anya AN",7.61
"1750","W","weapon -Other routines ","Group A","USA","Emina JIAN",7.55
"1751","W","weapon -Other routines ","Group A","USA","Florence Linh Lan KYI",7.53
"1752","W","weapon -Other routines ","Group A","USA","Angelina YU",7.5
"1753","W","weapon -Other routines ","Group A","HKG","FENG Yik Man",7.44
"1754","W","weapon -Other routines ","Group A","HKG","XIA Wan Zhi Grace",7.43
"1755","W","weapon -Other routines ","Group A","USA","Angela WONG",7.41
"1756","W","weapon -Other routines ","Group A","USA","Madelyn WANG",7.36
"1757","W","Single-weapon routines_Jian (Straight Sword) ","Group B","HKG","CHAN Lois Jo",8.63
"1758","W","Single-weapon routines_Jian (Straight Sword) ","Group B","NZL","Annie HARRIS",8.55
"1759","W","Single-weapon routines_Jian (Straight Sword) ","Group B","GEO","Barbare GATCHAVA",8.44
"1760","W","Single-weapon routines_Jian (Straight Sword) ","Group B","USA","Jordan NGO",8.36
"1761","W","Single-weapon routines_Jian (Straight Sword) ","Group B","USA","Emma NG",8.35
"1762","W","Single-weapon routines_Jian (Straight Sword) ","Group B","USA","Charlee POT",8.32
"1763","W","Single-weapon routines_Jian (Straight Sword) ","Group B","CAN","YI Litianzhen",8.26
"1764","W","Single-weapon routines_Gun (Cudgel/Staff) ","Group B","AIN","Sofia PODGORKINA",8.61
"1765","W","Single-weapon routines_Gun (Cudgel/Staff) ","Group B","ROU","Andrada Maria RADU MIC",8.49
"1766","W","Single-weapon routines_Gun (Cudgel/Staff) ","Group B","AIN","Katsiaryna SHANAIKOVA",8.44
"1767","W","Single-weapon routines_Gun (Cudgel/Staff) ","Group B","ITA","Laila PIOVESAN",8.4
"1768","W","Single-weapon routines_Gun (Cudgel/Staff) ","Group B","GRE","Vasiliki LABOUSI",8.3
"1769","W","Single-weapon routines_Gun (Cudgel/Staff) ","Group B","USA","Solange COLASSE",8.27
"1770","W","Single-weapon routines_Gun (Cudgel/Staff) ","Group B","USA","Claire TJHIN",8.14
"1771","W","Double-weapon routines ","Group B","AIN","Anna PETUKHOVA",8.64
"1772","W","Double-weapon routines ","Group B","FRA","Annie SCHUR CHEN",8.64
"1773","W","Double-weapon routines ","Group B","CAN","Yanjie LIU",8.51
"1774","W","Double-weapon routines ","Group B","MAS","HUE Zi Wei",8.48
"1775","W","Double-weapon routines ","Group B","NZL","Alyson Ziming ZHU",8.44
"1776","W","Double-weapon routines ","Group B","USA","Adriana ZHU",8.43
"1777","W","Double-weapon routines ","Group B","MAC","LEONG Wai Lam",8.4
"1778","W","Double-weapon routines ","Group B","GRE","Despoina MICHOU",8.37
"1779","W","Double-weapon routines ","Group B","USA","Natalie SUDIBYO",8.26
"1780","W","Single-weapon routines_Dao (Broadsword) ","Group C","TUR","Afra KILINC",8.67
"1781","W","Single-weapon routines_Dao (Broadsword) ","Group C","HKG","CHAN Hoi Ching",8.61
"1782","W","Single-weapon routines_Dao (Broadsword) ","Group C","AIN","Zlata SHMAKOVA",8.6
"1783","W","Single-weapon routines_Dao (Broadsword) ","Group C","CZE","Helena RIHACKOVA",8.48
"1784","W","Single-weapon routines_Dao (Broadsword) ","Group C","TUR","Sude Merve ALTUN",8.47
"1785","W","Single-weapon routines_Dao (Broadsword) ","Group C","GBR","Chiara EZAD PANAH",8.43
"1786","W","Single-weapon routines_Dao (Broadsword) ","Group C","USA","Emma HUANG",8.38
"1787","W","Single-weapon routines_Dao (Broadsword) ","Group C","GRE","Spyridoula DOUDOUNI",8.36
"1788","W","Single-weapon routines_Jian (Straight Sword) ","Group C","HKG","HUANG Susie",8.63
"1789","W","Single-weapon routines_Jian (Straight Sword) ","Group C","TUR","Ayse Sina COSKUN",8.59
"1790","W","Single-weapon routines_Jian (Straight Sword) ","Group C","HKG","LEE Hiu Ching",8.55
"1791","W","Single-weapon routines_Jian (Straight Sword) ","Group C","GEO","Sopiko APKHAZAVA",8.54
"1792","W","Single-weapon routines_Jian (Straight Sword) ","Group C","USA","Elaine SUDIBYO",8.49
"1793","W","Single-weapon routines_Jian (Straight Sword) ","Group C","GEO","Mariam ARZIANI",8.44
"1794","W","Single-weapon routines_Jian (Straight Sword) ","Group C","HKG","LO Tsz Ki Debby",8.44
"1795","W","Single-weapon routines_Jian (Straight Sword) ","Group C","NZL","Leyu CAO",8.42
"1796","W","Single-weapon routines_Jian (Straight Sword) ","Group C","SVK","Diana CELEdOVá",8.41
"1797","W","Single-weapon routines_Jian (Straight Sword) ","Group C","GRE","Maria DOUDONI",8.38
"1798","W","Single-weapon routines_Jian (Straight Sword) ","Group C","GRE","Danai Paraskevi SAMARTZI",8.37
"1799","W","Single-weapon routines_Jian (Straight Sword) ","Group C","GRE","Elpida TRIGONI",8.37
"1800","W","Single-weapon routines_Jian (Straight Sword) ","Group C","AUS","Angelique LI",8.26
"1801","W","Single-weapon routines_Gun (Cudgel/Staff)","Group C","AIN","Aleksandra IVAKINA",8.6
"1802","W","Single-weapon routines_Gun (Cudgel/Staff)","Group C","GEO","Gvantsa KARCHAVA",8.53
"1803","W","Single-weapon routines_Gun (Cudgel/Staff)","Group C","GRE","Melina SPYRIDOU",8.51
"1804","W","Single-weapon routines_Gun (Cudgel/Staff)","Group C","ITA","Sarah RAGNO",8.5
"1805","W","Single-weapon routines_Gun (Cudgel/Staff)","Group C","ITA","Elena SHIIHASHI",8.47
"1806","W","Single-weapon routines_Gun (Cudgel/Staff)","Group C","USA","Emily CHAN",8.46
"1807","W","Single-weapon routines_Gun (Cudgel/Staff)","Group C","EGY","Habiba SANAD",8.46
"1808","W","Single-weapon routines_Gun (Cudgel/Staff)","Group C","ITA","Myriam ZOLLO",8.41
"1809","W","Single-weapon routines_Gun (Cudgel/Staff)","Group C","MAS","LEE Xuen Ern",8.39
"1810","W","Single-weapon routines_Gun (Cudgel/Staff)","Group C","GRE","Eleni Anna GEORGA",8.39
"1811","W","Single-weapon routines_Gun (Cudgel/Staff)","Group C","IND","Luhenbi MAIBAM",8.38
"1812","W","Single-weapon routines_Gun (Cudgel/Staff)","Group C","GRE","Myrto TSIALTA",8.36
"1813","W","Single-weapon routines_Gun (Cudgel/Staff)","Group C","KGZ","Elina ISAKOVA",8.32
"1814","W","Single-weapon routines_Gun (Cudgel/Staff)","Group C","KGZ","Saadat KASYMALIEVA",8.3
"1815","W","Single-weapon routines_Gun (Cudgel/Staff)","Group C","CZE","Anezka JAGOSOVA",8.3
"1816","W","Double-weapon routines_Shuangjian (Double Straight Sword) ","Group C","TUR","Ayse Sude AKYUZ",8.67
"1817","W","Double-weapon routines_Shuangjian (Double Straight Sword) ","Group C","AIN","Sofia KOSHKINA",8.59
"1818","W","Double-weapon routines_Shuangjian (Double Straight Sword) ","Group C","CAN","Yanxin LIU",8.46
"1819","W","Double-weapon routines_Shuangjian (Double Straight Sword) ","Group C","MEX","Zoe Ximena RAMIREZ CORDOVA",8.45
"1820","W","Double-weapon routines_Shuangjian (Double Straight Sword) ","Group C","USA","Arianni SILVA",8.41
"1821","W","Double-weapon routines_Shuangjian (Double Straight Sword) ","Group C","MEX","Ximena CARRASCO REZA",8.37
"1822","W","Double-weapon routines_Other routines ","Group C","AIN","Darina MAZURAK",8.64
"1823","W","Double-weapon routines_Other routines ","Group C","USA","Samantha LU",8.56
"1824","W","Double-weapon routines_Other routines ","Group C","HKG","WONG Sofia",8.55
"1825","W","Double-weapon routines_Other routines ","Group C","USA","Jessica JACZYNSKI",8.52
"1826","W","Double-weapon routines_Other routines ","Group C","INA","Latifa Farannisa AGIL",8.51
"1827","W","Double-weapon routines_Other routines ","Group C","MAS","WONG Chloe Ryan",8.49
"1828","W","Double-weapon routines_Other routines ","Group C","USA","Ava HARPER",8.47
"1829","W","Double-weapon routines_Other routines ","Group C","POL","Natalia Maria ZARóD",8.46
"1830","W","Double-weapon routines_Other routines ","Group C","USA","Natalie LEW",8.42
"1831","W","Double-weapon routines_Other routines ","Group C","USA","Alaina CHAO",8.42
"1832","W","Double-weapon routines_Other routines ","Group C","USA","Alayna CHIU",8.41
"1833","W","weapon routines-Other routines ","Group B","AIN","Aleksandra ROSLIAKOVA",8.6
"1834","W","weapon routines-Other routines ","Group B","USA","Alicia LI",8.56
"1835","W","weapon routines-Other routines ","Group B","EGY","Mariam SAKR",8.54
"1836","W","weapon routines-Other routines ","Group B","USA","Sofia ELCHIEVA",8.45
"1837","W","weapon routines-Other routines ","Group B","USA","Ishita KOTRA",8.45
"1838","W","weapon routines-Other routines ","Group B","USA","Madeline FARR",8.4
"1839","W","weapon routines-Other routines ","Group B","HUN","árven CSORDáS",8.39
"1840","W","weapon routines-Other routines ","Group B","CAN","Ruolan Alysa ZHANG",8.39
"1841","W","Single-weapon routines_Taiji weapon ","Group A","LAT","Anna ZABLOCKA",7.55
"1842","W","Single-weapon routines_Taiji weapon ","Group A","NZL","Tanya Tianran YANG",7.5
"1843","W","Single-weapon routines_Taiji weapon ","Group A","USA","Mochen Jasmine LI",7.36
"1844","W","Single-weapon routines_Taiji weapon ","Group A","AUS","Belinda Xinghui LI",7.24
"1845","W","Single-weapon routines_Taiji weapon ","Group A","USA","Scarlett Lee BAUTISTA",7.2
"1846","W","Single-weapon routines_Taiji weapon ","Group B","CAN","Ching Lam Katelyn CHOY",8.59
"1847","W","Single-weapon routines_Taiji weapon ","Group B","MAS","TAN Jaslyn Yu Ching",8.55
"1848","W","Single-weapon routines_Taiji weapon ","Group B","HKG","LYU Xinyi Evelyn",8.5
"1849","W","Single-weapon routines_Taiji weapon ","Group B","LAT","Uljana Anastasija LUKJANENKO",8.46
"1850","W","Single-weapon routines_Taiji weapon ","Group B","ROU","Alexandra Jasmine TECI",8.46
"1851","W","Single-weapon routines_Taiji weapon ","Group B","AUS","Xingyu LI",8.4
"1852","W","Single-weapon routines_Taiji weapon ","Group B","ROU","Sofia Maria ILIE",8.35
"1853","W","Single-weapon routines_Taiji weapon ","Group B","USA","Seyed Dana KEYHANI ZEYABERI",8.34
"1854","W","Single-weapon routines_Chen Style Taijijian ","Group D","AIN","Anastasiia KADENOVA",8.9
"1855","W","Single-weapon routines_Chen Style Taijijian ","Group D","MAC","KUOK Wai Meng",8.88
"1856","W","Single-weapon routines_Chen Style Taijijian ","Group D","HKG","NGAN Ka Wing",8.76
"1857","W","Single-weapon routines_Chen Style Taijijian ","Group D","NED","Lisa Charmaine Maria MURESU",8.72
"1858","W","Single-weapon routines_Chen Style Taijijian ","Group D","GEO","Nino CHIKHLADZE",8.66
"1859","W","Single-weapon routines_Chen Style Taijijian ","Group D","GBR","Myrsini Chionia CHRISTODOULELLI",8.66
"1860","W","Single-weapon routines_Chen Style Taijijian ","Group D","AIN","Elizaveta SMIRNOVA",8.59
"1861","W","Single-weapon routines_42-posture Taijijian ","Group D","HKG","AU-YEUNG Pui Yue",8.83
"1862","W","Single-weapon routines_42-posture Taijijian ","Group D","BRA","Katemann Akemi VALENTIM UEMOTO",8.69
"1863","W","Single-weapon routines_42-posture Taijijian ","Group D","BRU","Guat Lian ANG",8.66
"1864","W","Single-weapon routines_42-posture Taijijian ","Group D","HKG","CHEUNG Ophil",8.65
"1865","W","Single-weapon routines_42-posture Taijijian ","Group D","UKR","Mariia KOLISNYK",8.63
"1866","W","Single-weapon routines_42-posture Taijijian ","Group D","MAS","CHEE Ching Ting",8.53
"1867","W","Single-weapon routines_42-posture Taijijian ","Group D","CAN","Elaine Yen Heng KUO",8.36
"1868","W","Single-weapon routines_Other taiji weapon ","Group D","HKG","YEUNG Debbie",8.77
"1869","W","Single-weapon routines_Other taiji weapon ","Group D","MAC","HUNG Si Fan",8.72
"1870","W","Single-weapon routines_Other taiji weapon ","Group D","POL","Anna Maria KUBIAK",8.67
"1871","W","Single-weapon routines_Other taiji weapon ","Group D","FRA","Soimanga ANDRIAMANANTSOA",8.56
"1872","W","Single-weapon routines_Other taiji weapon ","Group D","ITA","Denise PASQUAVAGLIO",8.51
"1873","W","Single-weapon routines_Other taiji weapon ","Group D","POR","Cheila GONCALVES",8.48
"1874","W","Single-weapon routines_Other taiji weapon ","Group D","NZL","Sixia GENG",8.45
"1875","W","Single-weapon routines_Other taiji weapon ","Group D","AUS","Bethany Kay ENDACOTT",8.41
"1876","W","Single-weapon routines_Other taiji weapon ","Group D","IND","Kriti",8.34
"1877","W","Single-weapon routines_Other taiji weapon ","Group D","ESP","Alba NInO GONZALEZ",8.26
"1878","W","Single-weapon routines_Other routines ","Group D","AIN","Almira GARIFULLINA",8.85
"1879","W","Single-weapon routines_Other routines ","Group D","AIN","Elizaveta KOCHETKOVA",8.77
"1880","W","Single-weapon routines_Other routines ","Group D","HKG","WONG Man Ting",8.7
"1881","W","Single-weapon routines_Other routines ","Group D","ITA","Marta BORROMEO",8.5
"1882","W","Single-weapon routines_Other routines ","Group D","MEX","Marisol Guadalupe AISPURO BRINGAS",8.48
"1883","W","Single-weapon routines_Other routines ","Group D","BRA","Ana Paula MANENTE COTTET",8.46
"1884","W","Single-weapon routines_Other routines ","Group D","IND","Rushi KUMARI",8.45
"1885","M","Single-weapon routines_Yang Style Taijijian ","Group F","MAC","LAM Chi Meng",8.68
"1886","M","Single-weapon routines_Yang Style Taijijian ","Group F","HKG","MAK Tai Man Peter",8.64
"1887","M","Single-weapon routines_Yang Style Taijijian ","Group F","HKG","CHEUNG Kwong Tat",8.5
"1888","M","Single-weapon routines_Yang Style Taijijian ","Group F","HKG","CHENG Chung Kit",8.49
"1889","M","Single-weapon routines_Yang Style Taijijian ","Group F","AUS","Wing Kit Albert LO",8.47
"1890","M","Single-weapon routines_Yang Style Taijijian ","Group F","ESP","Eloy Alberto NInO ORTEGA",8.46
"1891","M","Single-weapon routines_Yang Style Taijijian ","Group F","AUS","Han Yeh CHAN",8.45
"1892","M","Single-weapon routines_Yang Style Taijijian ","Group F","AUS","Steven LEE",8.41
"1893","M","Single-weapon routines_Yang Style Taijijian ","Group F","AUS","Andy Tat Woo NG",8.37
"1894","M","Single-weapon routines_Yang Style Taijijian ","Group F","AUS","Grahame George PRIEST",8.3
"1895","M","Single-weapon routines_ Other Taiji weapon ","Group F","SGP","TAY Kiang Meng",8.93
"1896","M","Single-weapon routines_ Other Taiji weapon ","Group F","SGP","TAY Ah Huat",8.85
"1897","M","Single-weapon routines_ Other Taiji weapon ","Group F","AUS","Bin Xiong QIAN",8.7
"1898","M","Single-weapon routines_ Other Taiji weapon ","Group F","CAN","Raymond Kin Keung MA",8.67
"1899","M","Single-weapon routines_ Other Taiji weapon ","Group F","JPN","OMIKAWA Masato",8.6
"1900","M","Single-weapon routines_ Other Taiji weapon ","Group F","JPN","NISHIKAWA Naoki",8.53
"1901","M","Single-weapon routines_ Other Taiji weapon ","Group F","MAC","CHAN Io Kuai",8.52
"1902","M","Single-weapon routines_ Other Taiji weapon ","Group F","AUS","Gordon Khing Hooi MAH",8.47
"1903","M","Single-weapon routines_ Other Taiji weapon ","Group F","NZL","Daniel B ZUO",8.46
"1904","M","Single-weapon routines_ Other Taiji weapon ","Group F","USA","Kenneth DELLAPENTA",8.42
"1905","M","Single-weapon routines_ Other Taiji weapon ","Group F","JPN","OKAMOTO Kenzo",8.36
"1906","M","Single-weapon routines_ Other Taiji weapon ","Group F","JPN","YAMAGUCHI Tadashi",8.33
"1907","M","Single-weapon routines_ Other Taiji weapon ","Group F","JPN","TAKEDA Anri",8.31
"1908","M","Single-weapon routines_ Other Taiji weapon ","Group F","CAN","Edmond Man Kong CHEUNG",8.31
"1909","W","Single-weapon routines_Yang Style Taijijian ","Group F","HKG","LEUNG Yuen Nga Barbara",8.74
"1910","W","Single-weapon routines_Yang Style Taijijian ","Group F","CAN","Eva Qiuzi FANG",8.61
"1911","W","Single-weapon routines_Yang Style Taijijian ","Group F","CAN","Wendy Suen Chung FUNG",8.6
"1912","W","Single-weapon routines_Yang Style Taijijian ","Group F","AUS","Yunian WU",8.59
"1913","W","Single-weapon routines_Yang Style Taijijian ","Group F","AUS","Thuc Khanh LU",8.53
"1914","W","Single-weapon routines_Yang Style Taijijian ","Group F","HKG","CHONG Poh Lin",8.52
"1915","W","Single-weapon routines_Yang Style Taijijian ","Group F","HKG","MA Man Wai Lucia",8.47
"1916","W","Single-weapon routines_Yang Style Taijijian ","Group F","HKG","LAU Yun Lam Alice",8.42
"1917","W","Single-weapon routines_Yang Style Taijijian ","Group F","HKG","HUEN Siu Kuen",8.41
"1918","W","Single-weapon routines_Yang Style Taijijian ","Group F","HKG","CHAN Sau Lan Cecilia",8.39
"1919","W","Single-weapon routines_Yang Style Taijijian ","Group F","HKG","LIU Oi Lin Irene",8.39
"1920","W","Single-weapon routines_Yang Style Taijijian ","Group F","HKG","LEUNG Fung Ha",8.38
"1921","W","Single-weapon routines_Yang Style Taijijian ","Group F","USA","Sally MAHONEY",8.37
"1922","W","Single-weapon routines_Yang Style Taijijian ","Group F","USA","Kristen FANG",8.32
"1923","W","Single-weapon routines_Yang Style Taijijian ","Group F","AUS","Shuet Yee SIN",8.32
"1924","W","Single-weapon routines_Yang Style Taijijian ","Group F","AUS","Leonny Johanna PRIEST",8.3
"1925","W","Single-weapon routines_Yang Style Taijijian ","Group F","HKG","WONG Yim Chong Esther",8.28
"1926","W","Single-weapon routines_Yang Style Taijijian ","Group F","AUS","Cheng Choo Khoo",7.24
"1927","W","Single-weapon routines_32 Style Taijijian ","Group F","NZL","Teck Lan TAN",8.58
"1928","W","Single-weapon routines_32 Style Taijijian ","Group F","JPN","TAKESUE Miwako",8.47
"1929","W","Single-weapon routines_32 Style Taijijian ","Group F","CAN","Brenda Bing Wan LEE",8.42
"1930","W","Single-weapon routines_32 Style Taijijian ","Group F","MEX","Silvia ARELLANO RODRIGUEZ",8.4
"1931","W","Single-weapon routines_32 Style Taijijian ","Group F","NZL","Qinghui ZHANG",8.39
"1932","W","Single-weapon routines_32 Style Taijijian ","Group F","JPN","JUNNISHI Junko",8.35
"1933","W","Single-weapon routines_32 Style Taijijian ","Group F","JPN","YOKOO Fumiko",8.26
"1934","W","Single-weapon routines_32 Style Taijijian ","Group F","ARG","Cristina ROSALES",8.03
"1935","W","Single-weapon routines_Other Taiji weapon ","Group F","JPN","SUETSUGU Masami",8.74
"1936","W","Single-weapon routines_Other Taiji weapon ","Group F","MAC","HO Lai Sim",8.64
"1937","W","Single-weapon routines_Other Taiji weapon ","Group F","JPN","WATANABE Takako",8.51
"1938","M","Single-weapon routines -Taiji weapon ","Group C","USA","Marshall BRAYTON",8.69
"1939","M","Single-weapon routines -Taiji weapon ","Group C","AIN","Artem BOLKHOVITIN",8.53
"1940","M","Single-weapon routines -Taiji weapon ","Group C","ITA","Matteo MURENU",8.5
"1941","M","Single-weapon routines -Taiji weapon ","Group C","AIN","Zakhar ZHDANOV",8.39
"1942","M","Single-weapon routines -Taiji weapon ","Group C","BRA","Matheus VALENTE SANCHEZ",8.31
"1943","M","Single-weapon routines -Taiji weapon ","Group C","EGY","Mazen MOHAMED",8.19
"1944","W","Single-weapon routines_Taijishan ","Group C","AIN","Kira MOKHOVA",8.61
"1945","W","Single-weapon routines_Taijishan ","Group C","LAT","Anastasija VLASENKO",8.57
"1946","W","Single-weapon routines_Taijishan ","Group C","LAT","Zlata TVOROGOVA",8.5
"1947","W","Single-weapon routines_Taijishan ","Group C","TUN","Sghaier ELA",8.48
"1948","W","Single-weapon routines_Taijishan ","Group C","ROU","Gabriela VLADAREANU",8.42
"1949","W","Single-weapon routines_Taijishan ","Group C","ROU","Maria Alexandra TRUTA",8.37
"1950","W","Single-weapon routines_42-posture Taijijian ","Group B","HKG","LIN Sophie Isabella",8.6
"1951","W","Single-weapon routines_42-posture Taijijian ","Group B","BRU","Lauren Emily CHUA",8.52
"1952","W","Single-weapon routines_42-posture Taijijian ","Group B","HKG","LU Xinqi Kiki",8.5
"1953","W","Single-weapon routines_42-posture Taijijian ","Group B","BRU","Meagan Marie KEASBERRY",8.48
"1954","W","Single-weapon routines_42-posture Taijijian ","Group B","CAN","Shiwen LI",8.43
"1955","W","Single-weapon routines_42-posture Taijijian ","Group B","NZL","Amberbi WANG",8.42
"1956","W","Single-weapon routines_42-posture Taijijian ","Group B","HKG","ZHANG Yuanjia",8.42
"1957","W","Single-weapon routines_42-posture Taijijian ","Group B","NZL","Ziyan ZHOU",8.42
"1958","W","Single-weapon routines_42-posture Taijijian ","Group B","BRU","Natalie Xin Ying ONG",8.38
"1959","W","Single-weapon routines_42-posture Taijijian ","Group B","IND","Aradhya _",8.34
"1960","W","Single-weapon routines_42-posture Taijijian ","Group B","UKR","Kristina CHUKANOVA",8.32
"1961","W","Single-weapon routines_42-posture Taijijian ","Group C","HKG","LIU Hoi Man",8.6
"1962","W","Single-weapon routines_42-posture Taijijian ","Group C","HKG","CHAN Tsz Sa",8.59
"1963","W","Single-weapon routines_42-posture Taijijian ","Group C","MAC","LOK Mai Cheng",8.55
"1964","W","Single-weapon routines_42-posture Taijijian ","Group C","CAN","Amber Summer Jingjing NG",8.52
"1965","W","Single-weapon routines_42-posture Taijijian ","Group C","POL","Vanessa Weronika PARADIUK",8.5
"1966","W","Single-weapon routines_42-posture Taijijian ","Group C","NZL","Yusu ZHANG",8.34
"1967","W","Single-weapon routines_Other Taijijian ","Group C","HKG","CHUNG Cheuk Yin",8.63
"1968","W","Single-weapon routines_Other Taijijian ","Group C","TUN","Manai ZEINEB",8.52
"1969","W","Single-weapon routines_Other Taijijian ","Group C","ROU","Lorena Larisa GHIDUT",8.45
"1970","W","Single-weapon routines_Other Taijijian ","Group C","KAZ","Aiymzhan KUZEMBAY",8.41
"1971","W","Single-weapon routines_Other Taijijian ","Group C","ROU","Oana Vasilica BELEAN",8.35
"1972","W","Single-weapon routines_Other Taijijian ","Group C","HUN","Zoé Panna NéMETH",8.21
"1973","W","Single-weapon routines_Other Taijijian ","Group C","GRE","Dimitra TAMPAKI",8.18
"1974","W","Single-weapon routines_42-posture Taijijian ","Group F","JPN","UKAI Yoko",8.63
"1975","W","Single-weapon routines_42-posture Taijijian ","Group F","KGZ","Tatiana PAK",8.58
"1976","W","Single-weapon routines_42-posture Taijijian ","Group F","MAC","CHEONG Lao Leng",8.55
"1977","W","Single-weapon routines_42-posture Taijijian ","Group F","JPN","YANASE Kimiko",8.52
"1978","W","Single-weapon routines_42-posture Taijijian ","Group F","JPN","ZHANG Yang",8.51
"1979","W","Single-weapon routines_42-posture Taijijian ","Group F","JPN","EMI Reiko",8.49
"1980","W","Single-weapon routines_42-posture Taijijian ","Group F","GBR","WATANABE Yoko",8.35
"1981","W","Single-weapon routines_42-posture Taijijian ","Group F","CAN","Maggie Mei Kwai CHEUNG",8.34
"1982","W","Single-weapon routines_42-posture Taijijian ","Group F","JPN","SHIMIZU Michiko",8.3
"1983","W","Single-weapon routines_42-posture Taijijian ","Group F","AUS","Mimi Therese Phun",8.24
"1984","W","Single-weapon routines_Taijishan ","Group F","NED","Sabine Ariel Siao San SMEETS-GO",8.71
"1985","W","Single-weapon routines_Taijishan ","Group F","ITA","Jianzhen GE",8.67
"1986","W","Single-weapon routines_Taijishan ","Group F","NZL","Yuet Ying LAU",8.48
"1987","W","Single-weapon routines_Taijishan ","Group F","MEX","Rosa Manuela ARRIAGA ORIHUELA",8.4
"1988","W","Single-weapon routines_Taijishan ","Group F","JPN","AZUMA Masako",8.27
